id,email,password,roles,first_name,last_name
1,mgreenshiels0@rediff.com,ohPKafs,"[""ROLE_USER"",""ROLE_ADMIN"",""ROLE_AUTHOR""]",Meier,Greenshiels
2,mandrelli1@gravatar.com,CSW3TBEa6N7u,"[""ROLE_USER"",""ROLE_AUTHOR""]",Mallory,Andrelli
3,wtsarovic2@twitter.com,2jSQMUPg,"[""ROLE_USER"",""ROLE_ADMIN"",""ROLE_AUTHOR""]",Wilmar,Tsarovic
4,nlittlejohn3@bloglovin.com,QYFsQ4Bub9,"[""ROLE_USER"",""ROLE_AUTHOR""]",Nickie,Littlejohn
5,rcorr4@desdev.cn,F1NZgB,"[""ROLE_USER"",""ROLE_AUTHOR""]",Rickey,Corr
6,kmoyce5@mediafire.com,PaCmGVT4T,"[""ROLE_USER"",""ROLE_AUTHOR""]",Killian,Moyce
7,mantonin6@dot.gov,UQ9veX3c,"[""ROLE_USER"",""ROLE_AUTHOR""]",Miof mela,Antonin
8,tspatoni7@ted.com,HkVj7nE,"[""ROLE_USER"",""ROLE_AUTHOR""]",Toby,Spatoni
9,sgullivan8@yellowpages.com,P4LcEs1,"[""ROLE_USER"",""ROLE_ADMIN""]",Shel,Gullivan
10,dgaymer9@bbc.co.uk,CXKnCeoort,"[""ROLE_USER"",""ROLE_ADMIN""]",Dag,Gaymer
11,cdenajeraa@vimeo.com,Q2WG8VteD,"[""ROLE_USER""]",Clarabelle,de Najera
12,mmcdonoughb@baidu.com,Li436wCK,"[""ROLE_USER"",""ROLE_ADMIN"",""ROLE_AUTHOR""]",Mallory,McDonough
13,yclulowc@omniture.com,uRGRmbM,"[""ROLE_USER"",""ROLE_ADMIN"",""ROLE_AUTHOR""]",Yoko,Clulow
14,acolafated@mayoclinic.com,91vY9an,"[""ROLE_USER"",""ROLE_ADMIN"",""ROLE_AUTHOR""]",Antone,Colafate
15,mdruste@taobao.com,gBsXQO,"[""ROLE_USER"",""ROLE_ADMIN"",""ROLE_AUTHOR""]",Marley,Drust
16,ftaborf@ucoz.com,9HAfsQ,"[""ROLE_USER"",""ROLE_AUTHOR""]",Ferris,Tabor
17,rgreyg@mozilla.org,qFiG5sQk,"[""ROLE_USER"",""ROLE_ADMIN""]",Roderic,Grey
18,bickowicsh@yolasite.com,OhLmrL,"[""ROLE_USER"",""ROLE_ADMIN""]",Becca,Ickowics
19,doggi@uol.com.br,QpX0lNk6Wa4,"[""ROLE_USER"",""ROLE_ADMIN"",""ROLE_AUTHOR""]",Dominica,Ogg
20,iosseltonj@apple.com,pUEUQKHa,"[""ROLE_USER""]",Isabelita,Osselton
21,npirozzik@nasa.gov,WTpN4oC,"[""ROLE_USER"",""ROLE_ADMIN"",""ROLE_AUTHOR""]",Noel,Pirozzi
22,gquenel@feedburner.com,VhBYMH4Z,"[""ROLE_USER"",""ROLE_ADMIN"",""ROLE_AUTHOR""]",Glenna,Quene
23,nrohlfingm@xing.com,qusec8UDY,"[""ROLE_USER"",""ROLE_AUTHOR""]",Noami,Rohlfing
24,calfn@google.com.br,NRMjUeQjz1SW,"[""ROLE_USER"",""ROLE_ADMIN"",""ROLE_AUTHOR""]",Christine,Alf
25,wscotlando@de.vu,ZAbbNCp,"[""ROLE_USER"",""ROLE_ADMIN"",""ROLE_AUTHOR""]",Worthy,Scotland
26,mtolworthyp@google.es,CGlHN0v0d,"[""ROLE_USER"",""ROLE_ADMIN"",""ROLE_AUTHOR""]",Morna,Tolworthy
27,bendq@blog.com,8lOfYmdB6gb,"[""ROLE_USER"",""ROLE_ADMIN"",""ROLE_AUTHOR""]",Bobbe,End
28,hburdasr@devhub.com,xU4OgYVeW,"[""ROLE_USER"",""ROLE_ADMIN"",""ROLE_AUTHOR""]",Hinda,Burdas
29,bmattessens@huffingtonpost.com,DInn5es,"[""ROLE_USER"",""ROLE_ADMIN"",""ROLE_AUTHOR""]",Boy,Mattessen
30,ctellingt@thetimes.co.uk,DH2o3f,"[""ROLE_USER"",""ROLE_ADMIN"",""ROLE_AUTHOR""]",Claudetta,Telling
31,skittu@phoca.cz,XopOubr2gnPu,"[""ROLE_USER"",""ROLE_ADMIN"",""ROLE_AUTHOR""]",Shayne,Kitt
32,gloughlinv@chronoengine.com,Jp8HBZcdrj7,"[""ROLE_USER"",""ROLE_ADMIN"",""ROLE_AUTHOR""]",Gardy,Loughlin
33,smcsarryw@alexa.com,sURN0PZrWd4l,"[""ROLE_USER"",""ROLE_ADMIN""]",Sidnee,Mcsarry
34,leliezx@huffingtonpost.com,qPNvoVqHQ2,"[""ROLE_USER"",""ROLE_ADMIN"",""ROLE_AUTHOR""]",Lynelle,Eliez
35,kguerreiroy@amazon.co.uk,WdqvoRdd,"[""ROLE_USER"",""ROLE_ADMIN"",""ROLE_AUTHOR""]",Karissa,Guerreiro
36,dtrevethanz@answers.com,qbxQYUGLi2,"[""ROLE_USER""]",Dunstan,Trevethan
37,mdelafoy10@ovh.net,DHoaZOIpf3Bs,"[""ROLE_USER"",""ROLE_ADMIN"",""ROLE_AUTHOR""]",Merissa,Delafoy
38,qoday11@mail.ru,JO8fuWNFWuiQ,"[""ROLE_USER""]",Quintilla,O'Day
39,gdrinkhall12@issuu.com,fftYestoBG,"[""ROLE_USER"",""ROLE_ADMIN""]",Gradeigh,Drinkhall
40,gguilliland13@weibo.com,4agQCJ,"[""ROLE_USER""]",Glori,Guilliland
41,sbussel14@usa.gov,EIjYPtwkV,"[""ROLE_USER"",""ROLE_AUTHOR""]",Susie,Bussel
42,astreetley15@scientificamerican.com,ees9Smwzi3,"[""ROLE_USER"",""ROLE_AUTHOR""]",Ariana,Streetley
43,celesander16@opera.com,j9a1lWQz6Ll,"[""ROLE_USER"",""ROLE_ADMIN"",""ROLE_AUTHOR""]",Chas,Elesander
44,aboate17@blogspot.com,QJhFEgUYBjPR,"[""ROLE_USER"",""ROLE_ADMIN"",""ROLE_AUTHOR""]",Abbe,Boate
45,twilmington18@japanpost.jp,kAZgUln45,"[""ROLE_USER"",""ROLE_AUTHOR""]",Teriann,Wilmington
46,tkestin19@cornell.edu,wXGIfVXSOd,"[""ROLE_USER"",""ROLE_ADMIN"",""ROLE_AUTHOR""]",Traci,Kestin
47,gbold1a@phoca.cz,0bWrdq3Ro,"[""ROLE_USER"",""ROLE_ADMIN"",""ROLE_AUTHOR""]",Gwynne,Bold
48,sstledger1b@flickr.com,OCI6tbdf1d,"[""ROLE_USER"",""ROLE_ADMIN"",""ROLE_AUTHOR""]",Salomo,St. Ledger
49,hdregan1c@hao123.com,cKtZ7CvQNLJ5,"[""ROLE_USER"",""ROLE_ADMIN""]",Helena,Dregan
50,joronan1d@youtube.com,NYtfc054,"[""ROLE_USER"",""ROLE_ADMIN""]",Joceline,O' Ronan
51,sfender1e@symantec.com,V9hyL3,"[""ROLE_USER""]",Shara,Fender
52,bastridge1f@plala.or.jp,y2BDgXufUyx,"[""ROLE_USER""]",Bron,Astridge
53,slabro1g@homestead.com,ScdPuz,"[""ROLE_USER"",""ROLE_ADMIN"",""ROLE_AUTHOR""]",Samuele,Labro
54,senrique1h@scientificamerican.com,mZGD2A9,"[""ROLE_USER"",""ROLE_ADMIN""]",Selene,Enrique
55,ochipping1i@ft.com,fqHttorTQl0G,"[""ROLE_USER"",""ROLE_AUTHOR""]",Otha,Chipping
56,cbeaufoy1j@cyberchimps.com,mLa905R,"[""ROLE_USER""]",Costa,Beaufoy
57,jfibbens1k@indiatimes.com,Mc3ptl,"[""ROLE_USER"",""ROLE_ADMIN"",""ROLE_AUTHOR""]",Jock,Fibbens
58,kpellman1l@newyorker.com,YgwL8qmN2D5f,"[""ROLE_USER"",""ROLE_AUTHOR""]",Keir,Pellman
59,acondy1m@msn.com,NvFcnKWP6Tf,"[""ROLE_USER"",""ROLE_AUTHOR""]",Agnella,Condy
60,gmeaney1n@icio.us,PI0gbvf,"[""ROLE_USER"",""ROLE_AUTHOR""]",George,Meaney
61,ppepperd1o@ning.com,kEb5m49,"[""ROLE_USER"",""ROLE_ADMIN"",""ROLE_AUTHOR""]",Prince,Pepperd
62,cshory1p@etsy.com,PaLIjNsP,"[""ROLE_USER"",""ROLE_ADMIN"",""ROLE_AUTHOR""]",Cheston,Shory
63,estealey1q@linkedin.com,TK7MGi,"[""ROLE_USER"",""ROLE_AUTHOR""]",Ellissa,Stealey
64,jfobidge1r@umn.edu,6C4206C,"[""ROLE_USER"",""ROLE_AUTHOR""]",Juan,Fobidge
65,lfishenden1s@paginegialle.it,Uwst9BTw2Vq5,"[""ROLE_USER"",""ROLE_ADMIN"",""ROLE_AUTHOR""]",Lynette,Fishenden
66,tthrush1t@free.fr,qXtoDQ,"[""ROLE_USER"",""ROLE_ADMIN"",""ROLE_AUTHOR""]",Tabbie,Thrush
67,epaoletto1u@nyu.edu,4e2oBsrT,"[""ROLE_USER""]",Edin,Paoletto
68,mfeathersby1v@ibm.com,OUylkY,"[""ROLE_USER"",""ROLE_ADMIN"",""ROLE_AUTHOR""]",Massimo,Feathersby
69,tgwilliams1w@oaic.gov.au,9rnaUCVal,"[""ROLE_USER""]",Troy,Gwilliams
70,lfeehely1x@artisteer.com,6wYYZrGeIe3t,"[""ROLE_USER"",""ROLE_ADMIN"",""ROLE_AUTHOR""]",Lindy,Feehely
71,gflye1y@yellowbook.com,PSlc9PvMVLeS,"[""ROLE_USER"",""ROLE_ADMIN"",""ROLE_AUTHOR""]",Gardy,Flye
72,egircke1z@nydailynews.com,JT0sAs,"[""ROLE_USER"",""ROLE_ADMIN"",""ROLE_AUTHOR""]",Ernie,Gircke
73,mphettiplace20@toplist.cz,5mxkIkBE,"[""ROLE_USER"",""ROLE_AUTHOR""]",Maxi,Phettiplace
74,orummins21@dagondesign.com,COAOAyPX,"[""ROLE_USER"",""ROLE_ADMIN"",""ROLE_AUTHOR""]",Osbourn,Rummins
75,ddacosta22@etsy.com,nuyUnMTNB3b,"[""ROLE_USER""]",Denise,Da Costa
76,gbernaert23@dot.gov,qnBTAWi9q5,"[""ROLE_USER"",""ROLE_ADMIN"",""ROLE_AUTHOR""]",Glynn,Bernaert
77,ssor24@va.gov,9kT93HT4,"[""ROLE_USER"",""ROLE_AUTHOR""]",Shay,Sor
78,wkiehnlt25@bigcartel.com,XCf8bCZfwqUK,"[""ROLE_USER"",""ROLE_ADMIN"",""ROLE_AUTHOR""]",Willy,Kiehnlt
79,vcadman26@ovh.net,O5Z3zi,"[""ROLE_USER"",""ROLE_ADMIN""]",Valaria,Cadman
80,lwoodyer27@intel.com,CzY22C3akMvX,"[""ROLE_USER"",""ROLE_ADMIN"",""ROLE_AUTHOR""]",Lazaro,Woodyer
81,lstickler28@reddit.com,QNIcSqAv,"[""ROLE_USER"",""ROLE_ADMIN"",""ROLE_AUTHOR""]",Leeann,Stickler
82,kcoad29@sun.com,cvVHNhodCO,"[""ROLE_USER"",""ROLE_ADMIN"",""ROLE_AUTHOR""]",Karlik,Coad
83,raffron2a@skyrock.com,twaQSa5,"[""ROLE_USER""]",Rozamond,Affron
84,apettegre2b@163.com,eTPmxxx0s,"[""ROLE_USER"",""ROLE_AUTHOR""]",Aeriela,Pettegre
85,nsmowton2c@columbia.edu,Gb1LzanbPl4,"[""ROLE_USER"",""ROLE_AUTHOR""]",Neile,Smowton
86,asybbe2d@wikispaces.com,eU4AVyL,"[""ROLE_USER""]",Abbott,Sybbe
87,evalenti2e@zimbio.com,zBCydEs,"[""ROLE_USER"",""ROLE_AUTHOR""]",Erasmus,Valenti
88,memlin2f@about.me,GpaMzjo,"[""ROLE_USER""]",Maude,Emlin
89,bmcnicol2g@virginia.edu,GbNjgosO,"[""ROLE_USER"",""ROLE_ADMIN"",""ROLE_AUTHOR""]",Brittani,McNicol
90,wmonelle2h@amazonaws.com,Uuo8VYxt,"[""ROLE_USER"",""ROLE_AUTHOR""]",Wainwright,Monelle
91,sbarrass2i@eventbrite.com,HqT2Txjgct,"[""ROLE_USER"",""ROLE_ADMIN"",""ROLE_AUTHOR""]",Stu,Barrass
92,amcgrae2j@yolasite.com,lZTauF,"[""ROLE_USER"",""ROLE_ADMIN"",""ROLE_AUTHOR""]",Ambrosio,McGrae
93,mdavenhall2k@live.com,xydN3X5yBh,"[""ROLE_USER"",""ROLE_ADMIN"",""ROLE_AUTHOR""]",Mayne,Davenhall
94,nfears2l@macromedia.com,CRMIxJ,"[""ROLE_USER""]",North,Fears
95,smaryon2m@studiopress.com,KBIvfkNzVv,"[""ROLE_USER"",""ROLE_ADMIN"",""ROLE_AUTHOR""]",Scarlet,Maryon
96,jaldgate2n@ca.gov,ODGwtLP,"[""ROLE_USER""]",Jan,Aldgate
97,fmanford2o@statcounter.com,omiqgEuY3jop,"[""ROLE_USER"",""ROLE_ADMIN""]",Felice,Manford
98,bgarnsworth2p@issuu.com,pVYe5CRqdLW,"[""ROLE_USER"",""ROLE_AUTHOR""]",Brantley,Garnsworth
99,jpechacek2q@rakuten.co.jp,28NS5wvTwKI9,"[""ROLE_USER"",""ROLE_ADMIN"",""ROLE_AUTHOR""]",John,Pechacek
100,ahundy2r@yandex.ru,hqaaTspytfR,"[""ROLE_USER"",""ROLE_AUTHOR""]",Aldis,Hundy
101,earondel2s@kickstarter.com,lB7W3kN7G,"[""ROLE_USER"",""ROLE_ADMIN"",""ROLE_AUTHOR""]",Eb,Arondel
102,bgladtbach2t@amazon.co.jp,XZbCm6XVcAFg,"[""ROLE_USER"",""ROLE_ADMIN"",""ROLE_AUTHOR""]",Brandie,Gladtbach
103,pfolkerts2u@google.it,D82aJ5o2D,"[""ROLE_USER"",""ROLE_ADMIN""]",Polly,Folkerts
104,hsharman2v@spotify.com,Suyo0NFyjiI,"[""ROLE_USER"",""ROLE_AUTHOR""]",Haley,Sharman
105,jpoulney2w@upenn.edu,fPGWWaoAcwK0,"[""ROLE_USER"",""ROLE_AUTHOR""]",Jonis,Poulney
106,jfyrth2x@craigslist.org,vpF7na,"[""ROLE_USER"",""ROLE_AUTHOR""]",Jill,Fyrth
107,hnijssen2y@technorati.com,bMNdtDwa,"[""ROLE_USER"",""ROLE_ADMIN"",""ROLE_AUTHOR""]",Helenelizabeth,Nijssen
108,dwoodison2z@ftc.gov,TGt2LZhDxCn,"[""ROLE_USER"",""ROLE_ADMIN"",""ROLE_AUTHOR""]",Dulcie,Woodison
109,bnoury30@dot.gov,VUbX4zoG3S,"[""ROLE_USER"",""ROLE_AUTHOR""]",Barbe,Noury
110,xairey31@arizona.edu,KuD4ZfZXBcc,"[""ROLE_USER"",""ROLE_ADMIN"",""ROLE_AUTHOR""]",Xenos,Airey
111,fbouch32@about.me,xAtDZ9X1OHy,"[""ROLE_USER"",""ROLE_ADMIN""]",Filide,Bouch
112,jwarmington33@domainmarket.com,MUvRgGa8kd,"[""ROLE_USER"",""ROLE_ADMIN"",""ROLE_AUTHOR""]",Justis,Warmington
113,asacks34@wsj.com,5vRSUviy4Bjn,"[""ROLE_USER"",""ROLE_AUTHOR""]",Axe,Sacks
114,dfellenor35@blogtalkradio.com,8XGmNdH,"[""ROLE_USER"",""ROLE_ADMIN""]",Derrek,Fellenor
115,lwinter36@newsvine.com,xJAygpi3rQ,"[""ROLE_USER"",""ROLE_ADMIN""]",Lola,Winter
116,obehnecken37@ted.com,szTbH2yB,"[""ROLE_USER"",""ROLE_ADMIN"",""ROLE_AUTHOR""]",Owen,Behnecken
117,bodgers38@census.gov,7pim3xaUXu2,"[""ROLE_USER""]",Bancroft,Odgers
118,bsobczak39@epa.gov,kksxFKUXB31D,"[""ROLE_USER"",""ROLE_ADMIN"",""ROLE_AUTHOR""]",Benedetto,Sobczak
119,nhampe3a@twitter.com,Y55SAtfx3,"[""ROLE_USER""]",Nikolaos,Hampe
120,vmcquade3b@bandcamp.com,Mr5VfVvh,"[""ROLE_USER"",""ROLE_ADMIN"",""ROLE_AUTHOR""]",Vite,McQuade
121,nburgot3c@istockphoto.com,ae6KoOR2h,"[""ROLE_USER"",""ROLE_ADMIN"",""ROLE_AUTHOR""]",Neal,Burgot
122,atue3d@mozilla.com,og11uxjj5a,"[""ROLE_USER"",""ROLE_ADMIN"",""ROLE_AUTHOR""]",Alys,Tue
123,wliddon3e@domainmarket.com,5nudhEP,"[""ROLE_USER""]",Warden,Liddon
124,rbratchell3f@guardian.co.uk,Mwo2obLIGD,"[""ROLE_USER"",""ROLE_ADMIN"",""ROLE_AUTHOR""]",Roderic,Bratchell
125,acampana3g@reference.com,mbNKChEZ,"[""ROLE_USER""]",Alexis,Campana
126,mdecourcy3h@exblog.jp,cYwWaCVs,"[""ROLE_USER"",""ROLE_AUTHOR""]",Marisa,Decourcy
127,ksimecek3i@hugedomains.com,HcQY8GuYF,"[""ROLE_USER"",""ROLE_AUTHOR""]",Karia,Simecek
128,roherlihy3j@wisc.edu,f1aWYYo,"[""ROLE_USER"",""ROLE_ADMIN""]",Ricca,Oherlihy
129,nber3k@usa.gov,YoV1MZfB0,"[""ROLE_USER""]",Nye,Ber
130,eitscowicz3l@washingtonpost.com,kc0KCYL,"[""ROLE_USER"",""ROLE_ADMIN"",""ROLE_AUTHOR""]",Eleanor,Itscowicz
131,mgander3m@chicagotribune.com,BaHiej,"[""ROLE_USER"",""ROLE_ADMIN"",""ROLE_AUTHOR""]",Mandel,Gander
132,mweedenburg3n@auda.org.au,kALmz2NOO2Zz,"[""ROLE_USER"",""ROLE_ADMIN""]",Moreen,Weedenburg
133,atrumper3o@netlog.com,qOMt7CBLXUxc,"[""ROLE_USER"",""ROLE_ADMIN"",""ROLE_AUTHOR""]",Ansel,Trumper
134,mgegg3p@google.ca,ErlALU3Doy,"[""ROLE_USER"",""ROLE_AUTHOR""]",Marvin,Gegg
135,kneicho3q@ted.com,3SzKKy4guSM,"[""ROLE_USER"",""ROLE_ADMIN"",""ROLE_AUTHOR""]",Kanya,Neicho
136,bbeldham3r@technorati.com,JLq42aQX8z4o,"[""ROLE_USER"",""ROLE_ADMIN"",""ROLE_AUTHOR""]",Bobbette,Beldham
137,gcreer3s@vkontakte.ru,9iorXraIxBH,"[""ROLE_USER"",""ROLE_AUTHOR""]",Gwendolin,Creer
138,pannets3t@ft.com,GYGwEcy8Z6KG,"[""ROLE_USER"",""ROLE_ADMIN"",""ROLE_AUTHOR""]",Pammi,Annets
139,amustchin3u@storify.com,q0JUeS9eQQE,"[""ROLE_USER"",""ROLE_AUTHOR""]",Abe,Mustchin
140,pcaen3v@whitehouse.gov,16KNg6rXC8,"[""ROLE_USER""]",Pattie,Caen
141,trowson3w@netvibes.com,6odKP7,"[""ROLE_USER"",""ROLE_AUTHOR""]",Tami,Rowson
142,jriccard3x@deviantart.com,qZOyOcDKv,"[""ROLE_USER""]",Jammie,Riccard
143,astarrs3y@sina.com.cn,5XuAFc3Hj,"[""ROLE_USER"",""ROLE_ADMIN""]",Ali,Starrs
144,seivers3z@quantcast.com,WkLXGMja,"[""ROLE_USER"",""ROLE_ADMIN"",""ROLE_AUTHOR""]",Stefa,Eivers
145,lhonywill40@fema.gov,6pf2lDb8y,"[""ROLE_USER"",""ROLE_AUTHOR""]",Lynette,Honywill
146,ldevo41@imdb.com,KWsEpycPsRx,"[""ROLE_USER"",""ROLE_AUTHOR""]",Liliane,Devo
147,mgiannini42@economist.com,yUklWkPkhU,"[""ROLE_USER""]",Maureene,Giannini
148,rleynton43@imageshack.us,FKPzlEQ,"[""ROLE_USER"",""ROLE_AUTHOR""]",Rawley,Leynton
149,cpentelo44@live.com,o9uVaov3,"[""ROLE_USER""]",Carce,Pentelo
150,vmuxworthy45@cam.ac.uk,jJKYe8ai,"[""ROLE_USER"",""ROLE_AUTHOR""]",Vickie,Muxworthy
151,ihiscoe46@angelfire.com,xMdisV8Ts1y,"[""ROLE_USER"",""ROLE_ADMIN"",""ROLE_AUTHOR""]",Iolanthe,Hiscoe
152,rfochs47@globo.com,eh2v9KZNEjdd,"[""ROLE_USER"",""ROLE_ADMIN""]",Rosamond,Fochs
153,egeri48@i2i.jp,Pw7ilOSJ2v2,"[""ROLE_USER"",""ROLE_ADMIN"",""ROLE_AUTHOR""]",Emmey,Geri
154,ehustings49@flickr.com,0jkFe0EAEb1,"[""ROLE_USER"",""ROLE_ADMIN"",""ROLE_AUTHOR""]",Eveleen,Hustings
155,cberks4a@youtube.com,pIIG5n6cYOAm,"[""ROLE_USER""]",Chucho,Berks
156,brussan4b@t-online.de,24FmNLSx70Pm,"[""ROLE_USER""]",Bary,Russan
157,tsibery4c@weather.com,z5rdYXO,"[""ROLE_USER""]",Truman,Sibery
158,mcaine4d@thetimes.co.uk,HvmF3hNArHc,"[""ROLE_USER"",""ROLE_AUTHOR""]",Maudie,Caine
159,bseebright4e@gov.uk,Q8Zbk5yUpu,"[""ROLE_USER"",""ROLE_ADMIN""]",Bambie,Seebright
160,rcardillo4f@yellowpages.com,sgvVOVGakxE1,"[""ROLE_USER"",""ROLE_ADMIN""]",Roland,Cardillo
161,rbansal4g@ca.gov,qhiHLMsvs1p,"[""ROLE_USER""]",Rica,Bansal
162,nmarples4h@time.com,8huAASvN2ugz,"[""ROLE_USER""]",Noel,Marples
163,gchuck4i@usatoday.com,gcRenPUoz,"[""ROLE_USER"",""ROLE_ADMIN"",""ROLE_AUTHOR""]",Gustavus,Chuck
164,fjeffcock4j@fastcompany.com,NLD8caT,"[""ROLE_USER"",""ROLE_ADMIN"",""ROLE_AUTHOR""]",Fina,Jeffcock
165,bgrisbrook4k@epa.gov,4vYY60,"[""ROLE_USER"",""ROLE_ADMIN"",""ROLE_AUTHOR""]",Burnard,Grisbrook
166,cbortolussi4l@webeden.co.uk,c1dBaTTNbE,"[""ROLE_USER"",""ROLE_ADMIN"",""ROLE_AUTHOR""]",Casie,Bortolussi
167,jsilverlock4m@vimeo.com,S2AbuPt,"[""ROLE_USER"",""ROLE_ADMIN"",""ROLE_AUTHOR""]",Johannes,Silverlock
168,ilambswood4n@google.fr,S7y2NuExLWb,"[""ROLE_USER"",""ROLE_ADMIN"",""ROLE_AUTHOR""]",Imelda,Lambswood
169,siddon4o@marketwatch.com,QJ4JBexNLc,"[""ROLE_USER"",""ROLE_ADMIN""]",Storm,Iddon
170,darp4p@wired.com,AOIGScuTX,"[""ROLE_USER"",""ROLE_ADMIN""]",Dominik,Arp
171,apiddington4q@cpanel.net,i5CbnY51Yt,"[""ROLE_USER"",""ROLE_AUTHOR""]",Ancell,Piddington
172,mgencke4r@imgur.com,GTzYRvrxj,"[""ROLE_USER"",""ROLE_ADMIN"",""ROLE_AUTHOR""]",Maryann,Gencke
173,apickle4s@nymag.com,WJH6ovOOs,"[""ROLE_USER""]",Althea,Pickle
174,rtatam4t@dell.com,wik6SZlv0,"[""ROLE_USER"",""ROLE_AUTHOR""]",Riva,Tatam
175,travenhill4u@pbs.org,GBoA2n0L,"[""ROLE_USER"",""ROLE_ADMIN"",""ROLE_AUTHOR""]",Torrance,Ravenhill
176,baloshechkin4v@chronoengine.com,JEkGpAo4hMfX,"[""ROLE_USER"",""ROLE_ADMIN"",""ROLE_AUTHOR""]",Barnebas,Aloshechkin
177,cgrangier4w@myspace.com,Pk2i953Ot,"[""ROLE_USER"",""ROLE_ADMIN"",""ROLE_AUTHOR""]",Christyna,Grangier
178,mborel4x@ameblo.jp,oFbWhj2J,"[""ROLE_USER"",""ROLE_AUTHOR""]",Mozes,Borel
179,tpee4y@4shared.com,28SR8PNo,"[""ROLE_USER"",""ROLE_ADMIN"",""ROLE_AUTHOR""]",Timoteo,Pee
180,jmcnickle4z@hubpages.com,K9zsl6NqNp,"[""ROLE_USER"",""ROLE_AUTHOR""]",Jilleen,McNickle
181,ringleson50@digg.com,yhDGEgJDdt,"[""ROLE_USER"",""ROLE_AUTHOR""]",Rochelle,Ingleson
182,hgrabiec51@webmd.com,htlI5bVNl,"[""ROLE_USER"",""ROLE_ADMIN"",""ROLE_AUTHOR""]",Haskel,Grabiec
183,fheaton52@businessinsider.com,LFu72Ofi0t,"[""ROLE_USER"",""ROLE_AUTHOR""]",Ferdinande,Heaton
184,joakwell53@chicagotribune.com,11Uatn,"[""ROLE_USER"",""ROLE_ADMIN"",""ROLE_AUTHOR""]",Joanie,Oakwell
185,jruckman54@marriott.com,K8mJjdcvJOGV,"[""ROLE_USER"",""ROLE_ADMIN"",""ROLE_AUTHOR""]",Jae,Ruckman
186,ocool55@mozilla.com,opLgpYbWZGOw,"[""ROLE_USER""]",Oswell,Cool
187,cdugall56@arstechnica.com,ToGyrbGM,"[""ROLE_USER"",""ROLE_ADMIN"",""ROLE_AUTHOR""]",Charlotte,Dugall
188,shurn57@nationalgeographic.com,Nex0oCfl67,"[""ROLE_USER"",""ROLE_ADMIN"",""ROLE_AUTHOR""]",Saraann,Hurn
189,kcrier58@google.com.au,YLGeHJf1U,"[""ROLE_USER"",""ROLE_AUTHOR""]",Kin,Crier
190,mcutill59@i2i.jp,29tnqBvMX,"[""ROLE_USER"",""ROLE_ADMIN""]",Malissia,Cutill
191,zfrancioli5a@mail.ru,cBHKy2lgeGbv,"[""ROLE_USER"",""ROLE_ADMIN"",""ROLE_AUTHOR""]",Zsazsa,Francioli
192,kplose5b@msu.edu,Rqwn5LRe,"[""ROLE_USER"",""ROLE_ADMIN"",""ROLE_AUTHOR""]",Kary,Plose
193,aellard5c@prnewswire.com,S918VOUFOy1n,"[""ROLE_USER"",""ROLE_ADMIN"",""ROLE_AUTHOR""]",Annice,Ellard
194,vmcgurgan5d@theatlantic.com,NRymZAcuRj2Y,"[""ROLE_USER"",""ROLE_AUTHOR""]",Von,McGurgan
195,ftarbatt5e@webnode.com,ycRPh2CONP,"[""ROLE_USER"",""ROLE_ADMIN"",""ROLE_AUTHOR""]",Filbert,Tarbatt
196,sscarf5f@businesswire.com,6QNvblFX3Hs,"[""ROLE_USER"",""ROLE_ADMIN"",""ROLE_AUTHOR""]",Sansone,Scarf
197,gpiggins5g@skype.com,h8cHB7Y,"[""ROLE_USER"",""ROLE_ADMIN"",""ROLE_AUTHOR""]",Gradey,Piggins
198,aeudall5h@google.nl,GKXg1k2iowyu,"[""ROLE_USER""]",Astrix,Eudall
199,mtommei5i@house.gov,qYpPjEJrPkz,"[""ROLE_USER"",""ROLE_ADMIN"",""ROLE_AUTHOR""]",Milicent,Tommei
200,rrobottom5j@paginegialle.it,LuT1HZ,"[""ROLE_USER""]",Roz,Robottom
201,amarrison5k@free.fr,z0aNGmqWM,"[""ROLE_USER"",""ROLE_AUTHOR""]",Annalee,Marrison
202,mmcteer5l@census.gov,odF1nDd,"[""ROLE_USER"",""ROLE_ADMIN"",""ROLE_AUTHOR""]",Maris,McTeer
203,byouings5m@dedecms.com,D3QkSR56y,"[""ROLE_USER"",""ROLE_ADMIN""]",Blake,Youings
204,psellors5n@vistaprint.com,ND9xM7qgZ,"[""ROLE_USER"",""ROLE_ADMIN"",""ROLE_AUTHOR""]",Paulette,Sellors
205,jgalego5o@themeforest.net,w3zY1f,"[""ROLE_USER"",""ROLE_ADMIN""]",Julio,Galego
206,gleare5p@goodreads.com,y52hYVr,"[""ROLE_USER"",""ROLE_ADMIN"",""ROLE_AUTHOR""]",Giovanna,Leare
207,zjenkerson5q@nifty.com,vx1q17Mg3,"[""ROLE_USER""]",Zach,Jenkerson
208,rcornell5r@geocities.jp,vQyIais,"[""ROLE_USER"",""ROLE_ADMIN"",""ROLE_AUTHOR""]",Rosalinde,Cornell
209,ahyatt5s@mail.ru,moaWqITobQfQ,"[""ROLE_USER""]",Angela,Hyatt
210,rwhooley5t@jalbum.net,yZjDjqYIUgtu,"[""ROLE_USER"",""ROLE_AUTHOR""]",Rosette,Whooley
211,bgolby5u@hugedomains.com,8HyNGg,"[""ROLE_USER"",""ROLE_ADMIN"",""ROLE_AUTHOR""]",Birk,Golby
212,mmctrustam5v@google.com.hk,QIC12dbEd9EP,"[""ROLE_USER"",""ROLE_ADMIN"",""ROLE_AUTHOR""]",Melvin,McTrustam
213,tmaciunas5w@dyndns.org,fVuHasWaRB,"[""ROLE_USER"",""ROLE_AUTHOR""]",Tandi,Maciunas
214,mcamois5x@phoca.cz,kyeH8k5,"[""ROLE_USER"",""ROLE_ADMIN"",""ROLE_AUTHOR""]",Melosa,Camois
215,mbaigent5y@meetup.com,4jbs1OyJR5tS,"[""ROLE_USER"",""ROLE_AUTHOR""]",Meredeth,Baigent
216,arichardsson5z@marketwatch.com,qvCN4nL,"[""ROLE_USER"",""ROLE_ADMIN"",""ROLE_AUTHOR""]",Ardys,Richardsson
217,smacillrick60@aol.com,uGOivTM,"[""ROLE_USER"",""ROLE_AUTHOR""]",Sherie,MacIllrick
218,jlloyd61@typepad.com,v5KbQYi,"[""ROLE_USER"",""ROLE_AUTHOR""]",Jorey,Lloyd
219,lvanichev62@google.cn,yBbo7fIqS3,"[""ROLE_USER"",""ROLE_AUTHOR""]",Lodovico,Vanichev
220,tdadge63@google.ca,X0mvmeH6rBh7,"[""ROLE_USER"",""ROLE_AUTHOR""]",Tammie,Dadge
221,mlebbon64@photobucket.com,po8JDu,"[""ROLE_USER"",""ROLE_AUTHOR""]",Merwin,Lebbon
222,ndillway65@webmd.com,6XCs1udq,"[""ROLE_USER"",""ROLE_ADMIN"",""ROLE_AUTHOR""]",Norbert,Dillway
223,wstreat66@nifty.com,Bgt6L2WaF,"[""ROLE_USER"",""ROLE_ADMIN""]",Wendall,Streat
224,oraisher67@vistaprint.com,adphG2CAG67J,"[""ROLE_USER"",""ROLE_ADMIN"",""ROLE_AUTHOR""]",Otes,Raisher
225,dmcnirlan68@fc2.com,QX64mPVQ1,"[""ROLE_USER"",""ROLE_ADMIN""]",Dennet,McNirlan
226,dlipscomb69@whitehouse.gov,ms0UTV,"[""ROLE_USER"",""ROLE_ADMIN""]",Dara,Lipscomb
227,mvenditto6a@fotki.com,aUthH0ZYT9w,"[""ROLE_USER"",""ROLE_ADMIN"",""ROLE_AUTHOR""]",Margaretta,Venditto
228,pperrinchief6b@usda.gov,OuSilgZBFQaI,"[""ROLE_USER"",""ROLE_ADMIN"",""ROLE_AUTHOR""]",Pearline,Perrinchief
229,mmeasey6c@w3.org,EO6TP1D0,"[""ROLE_USER""]",Micheal,Measey
230,ldon6d@usnews.com,ZAVuiJ8t8s1,"[""ROLE_USER"",""ROLE_ADMIN"",""ROLE_AUTHOR""]",Lynn,Don
231,sambrozewicz6e@elegantthemes.com,WSIC8c,"[""ROLE_USER"",""ROLE_AUTHOR""]",Sheila-kathryn,Ambrozewicz
232,jmacaindreis6f@hatena.ne.jp,bCQlFxBYaT,"[""ROLE_USER"",""ROLE_AUTHOR""]",June,MacAindreis
233,dnoweak6g@delicious.com,Prqetv,"[""ROLE_USER"",""ROLE_ADMIN"",""ROLE_AUTHOR""]",Demeter,Noweak
234,dsilbermann6h@hao123.com,Ols9D1J392r4,"[""ROLE_USER"",""ROLE_AUTHOR""]",Desirae,Silbermann
235,pwoffinden6i@dell.com,DlDQHnu,"[""ROLE_USER"",""ROLE_ADMIN"",""ROLE_AUTHOR""]",Phip,Woffinden
236,kmcgerr6j@miitbeian.gov.cn,FyPUtZuty,"[""ROLE_USER"",""ROLE_ADMIN"",""ROLE_AUTHOR""]",Kaia,McGerr
237,gmanhood6k@java.com,y5Uon49ncOUv,"[""ROLE_USER"",""ROLE_ADMIN"",""ROLE_AUTHOR""]",Goldi,Manhood
238,esatterley6l@bandcamp.com,UX2BxJ,"[""ROLE_USER""]",Esra,Satterley
239,glamanby6m@china.com.cn,9XsEo86rKt,"[""ROLE_USER"",""ROLE_ADMIN"",""ROLE_AUTHOR""]",Gaston,Lamanby
240,pseemmonds6n@myspace.com,QK15HsP,"[""ROLE_USER"",""ROLE_ADMIN"",""ROLE_AUTHOR""]",Puff,Seemmonds
241,thernik6o@bandcamp.com,n4V4KbJfQA,"[""ROLE_USER"",""ROLE_AUTHOR""]",Tessy,Hernik
242,ospincks6p@yahoo.co.jp,AjDh8G3NOQ,"[""ROLE_USER"",""ROLE_ADMIN"",""ROLE_AUTHOR""]",Oby,Spincks
243,aliddard6q@pinterest.com,s3z7fjyCnF,"[""ROLE_USER"",""ROLE_ADMIN""]",Alon,Liddard
244,ngossipin6r@shareasale.com,gNWY3E,"[""ROLE_USER"",""ROLE_ADMIN"",""ROLE_AUTHOR""]",Neil,Gossipin
245,khartin6s@kickstarter.com,DPZyNxKk4Ou,"[""ROLE_USER"",""ROLE_ADMIN"",""ROLE_AUTHOR""]",Kamillah,Hartin
246,ojupe6t@biglobe.ne.jp,G26r8Tbb4jde,"[""ROLE_USER"",""ROLE_ADMIN"",""ROLE_AUTHOR""]",Ossie,Jupe
247,jfitzer6u@liveinternet.ru,spF3CA2D,"[""ROLE_USER"",""ROLE_ADMIN"",""ROLE_AUTHOR""]",Jaclyn,Fitzer
248,wvinson6v@bizjournals.com,iliDEfkdA,"[""ROLE_USER"",""ROLE_ADMIN"",""ROLE_AUTHOR""]",Welch,Vinson
249,lbantham6w@mapquest.com,GEPQOBw,"[""ROLE_USER""]",Lizbeth,Bantham
250,cmaybury6x@columbia.edu,PsSs9ldL,"[""ROLE_USER"",""ROLE_ADMIN"",""ROLE_AUTHOR""]",Christine,Maybury
251,lspinks6y@hubpages.com,lXf5by,"[""ROLE_USER"",""ROLE_ADMIN"",""ROLE_AUTHOR""]",Lauritz,Spinks
252,svince6z@mashable.com,6uDxnO,"[""ROLE_USER"",""ROLE_ADMIN""]",Spence,Vince
253,zgroombridge70@ustream.tv,3Rew1DraGg7,"[""ROLE_USER"",""ROLE_ADMIN"",""ROLE_AUTHOR""]",Zane,Groombridge
254,rbridgewood71@twitter.com,TYNqqnobpI9V,"[""ROLE_USER"",""ROLE_ADMIN"",""ROLE_AUTHOR""]",Raine,Bridgewood
255,gwinyard72@reference.com,Ap1jGj7lMTW,"[""ROLE_USER"",""ROLE_AUTHOR""]",Gaye,Winyard
256,adonaghie73@dailymotion.com,b0OBGNSjzz,"[""ROLE_USER"",""ROLE_ADMIN"",""ROLE_AUTHOR""]",Abrahan,Donaghie
257,webbins74@vistaprint.com,yxUAzxy0,"[""ROLE_USER"",""ROLE_AUTHOR""]",Wilfrid,Ebbins
258,mfawlks75@github.com,0xgkUDY6,"[""ROLE_USER"",""ROLE_ADMIN"",""ROLE_AUTHOR""]",Malachi,Fawlks
259,rsima76@apache.org,tx72KI2SLTx,"[""ROLE_USER"",""ROLE_ADMIN"",""ROLE_AUTHOR""]",Rosaline,Sima
260,fcicconetti77@vk.com,Je3WhH,"[""ROLE_USER"",""ROLE_ADMIN"",""ROLE_AUTHOR""]",Fayre,Cicconetti
261,hmccrossan78@quantcast.com,sZsElpSr,"[""ROLE_USER""]",Hollyanne,McCrossan
262,pbonelle79@earthlink.net,mTdZlOc7Kr,"[""ROLE_USER"",""ROLE_ADMIN"",""ROLE_AUTHOR""]",Payton,Bonelle
263,kburstow7a@theguardian.com,lS1Umy3XQrcI,"[""ROLE_USER"",""ROLE_ADMIN"",""ROLE_AUTHOR""]",Kristien,Burstow
264,mwinsbury7b@alexa.com,DffVlwp,"[""ROLE_USER"",""ROLE_ADMIN"",""ROLE_AUTHOR""]",Mariele,Winsbury
265,wdriscoll7c@washingtonpost.com,2e1wxsfMwB,"[""ROLE_USER"",""ROLE_AUTHOR""]",Walliw,Driscoll
266,ewraight7d@over-blog.com,i0UFk9k1OaVf,"[""ROLE_USER"",""ROLE_AUTHOR""]",Errol,Wraight
267,jcorser7e@gravatar.com,IfQh659NsYPQ,"[""ROLE_USER"",""ROLE_ADMIN"",""ROLE_AUTHOR""]",Jessalin,Corser
268,jcolebourne7f@slate.com,MwqSla7,"[""ROLE_USER"",""ROLE_AUTHOR""]",Jemima,Colebourne
269,amalinowski7g@woothemes.com,kthi6wxCmLtR,"[""ROLE_USER"",""ROLE_ADMIN"",""ROLE_AUTHOR""]",Ax,Malinowski
270,bbonass7h@unc.edu,n0L5LgTNB,"[""ROLE_USER"",""ROLE_ADMIN"",""ROLE_AUTHOR""]",Beret,Bonass
271,bprivost7i@dot.gov,3UffeJfAQ,"[""ROLE_USER"",""ROLE_ADMIN"",""ROLE_AUTHOR""]",Barnabe,Privost
272,ayankov7j@free.fr,i7ivG83,"[""ROLE_USER""]",Arlana,Yankov
273,challs7k@soup.io,IDkgA1,"[""ROLE_USER"",""ROLE_ADMIN"",""ROLE_AUTHOR""]",Carlotta,Halls
274,hglaze7l@ucoz.com,mOstlL,"[""ROLE_USER"",""ROLE_AUTHOR""]",Harper,Glaze
275,sbartosinski7m@reverbnation.com,zkFCv8Q8k,"[""ROLE_USER"",""ROLE_ADMIN"",""ROLE_AUTHOR""]",Seline,Bartosinski
276,avoase7n@ftc.gov,RemHKUU,"[""ROLE_USER"",""ROLE_ADMIN"",""ROLE_AUTHOR""]",Andrei,Voase
277,dsprason7o@chronoengine.com,eGzaqpR,"[""ROLE_USER"",""ROLE_AUTHOR""]",Darill,Sprason
278,bzisneros7p@a8.net,1BRCGxBgg,"[""ROLE_USER"",""ROLE_ADMIN"",""ROLE_AUTHOR""]",Bond,Zisneros
279,wsanten7q@usnews.com,5PlsRQlv,"[""ROLE_USER"",""ROLE_ADMIN""]",Wyndham,Santen
280,mskipping7r@smh.com.au,R4ciDX8F,"[""ROLE_USER"",""ROLE_AUTHOR""]",Merry,Skipping
281,ashaudfurth7s@opensource.org,aeIAuESpv1w,"[""ROLE_USER"",""ROLE_ADMIN"",""ROLE_AUTHOR""]",Ag,Shaudfurth
282,dormshaw7t@geocities.com,agg82T3Fl,"[""ROLE_USER""]",Doti,Ormshaw
283,ccalton7u@histats.com,jLqdywu,"[""ROLE_USER"",""ROLE_ADMIN""]",Calli,Calton
284,clello7v@tamu.edu,gdUaykmX,"[""ROLE_USER""]",Cathe,Lello
285,zdike7w@gravatar.com,0mmuUI1O,"[""ROLE_USER"",""ROLE_ADMIN"",""ROLE_AUTHOR""]",Zena,Dike
286,npiddlehinton7x@boston.com,SG5QMpd9lOA,"[""ROLE_USER"",""ROLE_ADMIN"",""ROLE_AUTHOR""]",Noami,Piddlehinton
287,jputtergill7y@blogs.com,GRmujS6d,"[""ROLE_USER""]",Jamima,Puttergill
288,lmacterrelly7z@mashable.com,wbnpEhjtthIA,"[""ROLE_USER"",""ROLE_AUTHOR""]",Lindsey,MacTerrelly
289,dyvens80@foxnews.com,V6UppSe,"[""ROLE_USER"",""ROLE_AUTHOR""]",Danyette,Yvens
290,gbricksey81@bing.com,iBKnmlP,"[""ROLE_USER"",""ROLE_ADMIN""]",Gerick,Bricksey
291,rboffin82@cbc.ca,YOTbfrDdA,"[""ROLE_USER"",""ROLE_ADMIN"",""ROLE_AUTHOR""]",Robbin,Boffin
292,taugustin83@amazon.co.uk,VWIbP1m,"[""ROLE_USER"",""ROLE_ADMIN""]",Tasia,Augustin
293,africke84@aboutads.info,CfxTgg,"[""ROLE_USER"",""ROLE_ADMIN""]",Anestassia,Fricke
294,ahaistwell85@jimdo.com,AkBLpDA1orbq,"[""ROLE_USER"",""ROLE_AUTHOR""]",Alexa,Haistwell
295,smurfett86@cmu.edu,mZnIhvI,"[""ROLE_USER"",""ROLE_ADMIN"",""ROLE_AUTHOR""]",Stanford,Murfett
296,sricks87@de.vu,8ovO7e0,"[""ROLE_USER"",""ROLE_ADMIN"",""ROLE_AUTHOR""]",Suellen,Ricks
297,gedelman88@kickstarter.com,Lyz8Cftf10JW,"[""ROLE_USER"",""ROLE_ADMIN""]",Garland,Edelman
298,ghuebner89@mapquest.com,sulqLv,"[""ROLE_USER"",""ROLE_ADMIN"",""ROLE_AUTHOR""]",Gwyneth,Huebner
299,gdace8a@mapquest.com,OLhwEUSr,"[""ROLE_USER""]",Glenine,Dace
300,acope8b@hao123.com,YCBwrGfi,"[""ROLE_USER"",""ROLE_ADMIN"",""ROLE_AUTHOR""]",Ariela,Cope
301,smcmanamon8c@dedecms.com,hokS1MHTfMY,"[""ROLE_USER""]",Spencer,McManamon
302,eellwand8d@slideshare.net,sR87Xanu,"[""ROLE_USER"",""ROLE_ADMIN"",""ROLE_AUTHOR""]",Edan,Ellwand
303,tmaunder8e@businessweek.com,ieWPYpMbbd5N,"[""ROLE_USER"",""ROLE_AUTHOR""]",Tera,Maunder
304,acuming8f@sakura.ne.jp,aLsUzgZui,"[""ROLE_USER"",""ROLE_AUTHOR""]",Ailis,Cuming
305,khimsworth8g@amazon.co.uk,ERcub2QcwT,"[""ROLE_USER"",""ROLE_AUTHOR""]",Kendra,Himsworth
306,mkelloway8h@yandex.ru,dnF0sInqEDQ,"[""ROLE_USER"",""ROLE_ADMIN""]",Marv,Kelloway
307,hcornejo8i@cyberchimps.com,tSLTwLO1n,"[""ROLE_USER"",""ROLE_ADMIN"",""ROLE_AUTHOR""]",Helenka,Cornejo
308,rillston8j@nifty.com,3EIzOMkW,"[""ROLE_USER"",""ROLE_ADMIN"",""ROLE_AUTHOR""]",Romola,Illston
309,msenogles8k@yale.edu,U8KewouNG5t,"[""ROLE_USER"",""ROLE_ADMIN"",""ROLE_AUTHOR""]",Mile,Senogles
310,hskuce8l@github.io,JlPw4Zp,"[""ROLE_USER"",""ROLE_ADMIN"",""ROLE_AUTHOR""]",Harlen,Skuce
311,croussel8m@wikipedia.org,UxMnw9lXR,"[""ROLE_USER"",""ROLE_ADMIN"",""ROLE_AUTHOR""]",Cami,Roussel
312,pjiggle8n@eepurl.com,CvRps238eJ,"[""ROLE_USER"",""ROLE_ADMIN"",""ROLE_AUTHOR""]",Prince,Jiggle
313,mpanons8o@amazonaws.com,NrCQY0qdqNT,"[""ROLE_USER"",""ROLE_ADMIN"",""ROLE_AUTHOR""]",Meaghan,Panons
314,mmolnar8p@dmoz.org,lMVDAjom3Qpm,"[""ROLE_USER"",""ROLE_ADMIN"",""ROLE_AUTHOR""]",Melesa,Molnar
315,lochterlonie8q@liveinternet.ru,FVryho7d,"[""ROLE_USER""]",Lizette,Ochterlonie
316,ischulkins8r@cnet.com,yOA1t8TUrF,"[""ROLE_USER"",""ROLE_AUTHOR""]",Isidora,Schulkins
317,apollok8s@acquirethisname.com,Sr5F3CLk,"[""ROLE_USER"",""ROLE_AUTHOR""]",Addia,Pollok
318,bahrend8t@friendfeed.com,7vzSEC8,"[""ROLE_USER"",""ROLE_ADMIN""]",Bryan,Ahrend
319,lhaward8u@ameblo.jp,vPLKWMy6A2M,"[""ROLE_USER"",""ROLE_ADMIN"",""ROLE_AUTHOR""]",Lynde,Haward
320,bgeaveny8v@hc360.com,IMaWJmOKak,"[""ROLE_USER"",""ROLE_ADMIN"",""ROLE_AUTHOR""]",Base,Geaveny
321,mmacguiness8w@tuttocitta.it,eeUQ8WT,"[""ROLE_USER"",""ROLE_ADMIN"",""ROLE_AUTHOR""]",Masha,MacGuiness
322,raries8x@google.com.br,TkRqyFBg,"[""ROLE_USER""]",Roger,Aries
323,jspanton8y@163.com,CcP2xqSu0,"[""ROLE_USER""]",Janessa,Spanton
324,aordemann8z@ameblo.jp,NMVvGPckyc,"[""ROLE_USER"",""ROLE_AUTHOR""]",Adriane,Ordemann
325,etawton90@apple.com,sdOcIg,"[""ROLE_USER""]",Elliot,Tawton
326,bdaingerfield91@gizmodo.com,lOgjffWRqr,"[""ROLE_USER"",""ROLE_AUTHOR""]",Brigitta,Daingerfield
327,jgreenman92@guardian.co.uk,7iHirFn,"[""ROLE_USER"",""ROLE_ADMIN"",""ROLE_AUTHOR""]",Joannes,Greenman
328,lyurchenko93@independent.co.uk,NVFVg22o93pj,"[""ROLE_USER"",""ROLE_AUTHOR""]",Letti,Yurchenko
329,llilleyman94@archive.org,pp9KAkY4,"[""ROLE_USER"",""ROLE_AUTHOR""]",Latashia,Lilleyman
330,efromant95@woothemes.com,Iu12MZiEzzm,"[""ROLE_USER"",""ROLE_ADMIN"",""ROLE_AUTHOR""]",Emalia,Fromant
331,rimm96@icio.us,YUkTmlV,"[""ROLE_USER"",""ROLE_ADMIN"",""ROLE_AUTHOR""]",Renate,Imm
332,cbeggini97@sina.com.cn,krJ6IOFiJ82,"[""ROLE_USER"",""ROLE_AUTHOR""]",Cynthy,Beggini
333,gelsmore98@tinypic.com,m8uCVYmsArDY,"[""ROLE_USER"",""ROLE_ADMIN"",""ROLE_AUTHOR""]",Garek,Elsmore
334,tverman99@shop-pro.jp,Q5ZonUlFr,"[""ROLE_USER"",""ROLE_AUTHOR""]",Tiphanie,Verman
335,robray9a@bbc.co.uk,Ht9uim,"[""ROLE_USER"",""ROLE_AUTHOR""]",Rubin,Obray
336,lhaverson9b@blogger.com,HU1DUUBiQ,"[""ROLE_USER"",""ROLE_ADMIN"",""ROLE_AUTHOR""]",Lida,Haverson
337,fcornock9c@hud.gov,JIlRiTx,"[""ROLE_USER"",""ROLE_ADMIN""]",Fedora,Cornock
338,cshatford9d@homestead.com,Ur4me96,"[""ROLE_USER"",""ROLE_AUTHOR""]",Cornie,Shatford
339,epaschek9e@bloomberg.com,o50L73im4L,"[""ROLE_USER"",""ROLE_ADMIN"",""ROLE_AUTHOR""]",Estelle,Paschek
340,jdyett9f@twitter.com,2d1SmSq,"[""ROLE_USER""]",Junina,Dyett
341,gpearn9g@skype.com,7fFAhJPzNF,"[""ROLE_USER"",""ROLE_ADMIN"",""ROLE_AUTHOR""]",Guthry,Pearn
342,ideveral9h@opera.com,3M2D4qNJpct,"[""ROLE_USER"",""ROLE_ADMIN"",""ROLE_AUTHOR""]",Isabel,Deveral
343,lmonger9i@opensource.org,H8Zinda,"[""ROLE_USER"",""ROLE_AUTHOR""]",Lorine,Monger
344,tporker9j@hud.gov,pamCry,"[""ROLE_USER"",""ROLE_AUTHOR""]",Thurston,Porker
345,ibigland9k@cbslocal.com,QhAAa8rxa,"[""ROLE_USER"",""ROLE_ADMIN"",""ROLE_AUTHOR""]",Innis,Bigland
346,mschoroder9l@alibaba.com,RJK80Gh,"[""ROLE_USER"",""ROLE_ADMIN"",""ROLE_AUTHOR""]",Maisey,Schoroder
347,amckinna9m@slate.com,qIzubSkf,"[""ROLE_USER"",""ROLE_ADMIN"",""ROLE_AUTHOR""]",Anastassia,McKinna
348,lbratchell9n@unicef.org,jO80oW5sp,"[""ROLE_USER"",""ROLE_ADMIN"",""ROLE_AUTHOR""]",Layney,Bratchell
349,egaffey9o@apple.com,mlbvIqDnmr,"[""ROLE_USER"",""ROLE_ADMIN"",""ROLE_AUTHOR""]",Esme,Gaffey
350,njiruch9p@nasa.gov,OBrlCB2193,"[""ROLE_USER"",""ROLE_ADMIN"",""ROLE_AUTHOR""]",Noel,Jiruch
351,sbroadley9q@rakuten.co.jp,bdc2I04lm,"[""ROLE_USER"",""ROLE_ADMIN"",""ROLE_AUTHOR""]",Sashenka,Broadley
352,mstapele9r@dot.gov,w8wBzfOqVe,"[""ROLE_USER""]",Marin,Stapele
353,droser9s@creativecommons.org,dqNPCFV6gD,"[""ROLE_USER"",""ROLE_ADMIN"",""ROLE_AUTHOR""]",Derron,Roser
354,flesper9t@nba.com,CIw15TH,"[""ROLE_USER"",""ROLE_ADMIN""]",Far,Lesper
355,djay9u@google.com,UzDC5SOK4kf,"[""ROLE_USER"",""ROLE_ADMIN"",""ROLE_AUTHOR""]",Donna,Jay
356,jforan9v@jugem.jp,clqrtwKfyNn3,"[""ROLE_USER"",""ROLE_ADMIN"",""ROLE_AUTHOR""]",Jaquelin,Foran
357,cstrickland9w@jalbum.net,CbPv7h,"[""ROLE_USER"",""ROLE_ADMIN""]",Chaunce,Strickland
358,gmaddy9x@rakuten.co.jp,VaiDRkbvm,"[""ROLE_USER"",""ROLE_ADMIN"",""ROLE_AUTHOR""]",Glad,Maddy
359,omulqueen9y@godaddy.com,vGVjZ9xQ,"[""ROLE_USER"",""ROLE_AUTHOR""]",Onfre,Mulqueen
360,jpree9z@phoca.cz,vZCNrP,"[""ROLE_USER"",""ROLE_ADMIN"",""ROLE_AUTHOR""]",Johnette,Pree
361,rsymsona0@columbia.edu,Z5BmmROct,"[""ROLE_USER"",""ROLE_ADMIN"",""ROLE_AUTHOR""]",Rae,Symson
362,tjerwooda1@imdb.com,VDL5CjlgpbGV,"[""ROLE_USER"",""ROLE_ADMIN"",""ROLE_AUTHOR""]",Teodora,Jerwood
363,cteazea2@opera.com,ZOeZeZ7oOCXf,"[""ROLE_USER""]",Constantina,Teaze
364,cstrugnella3@apple.com,PnpvNeszlKxb,"[""ROLE_USER"",""ROLE_ADMIN"",""ROLE_AUTHOR""]",Cyril,Strugnell
365,adupoya4@livejournal.com,S0y17Ug8tX,"[""ROLE_USER"",""ROLE_AUTHOR""]",Abby,Dupoy
366,agarreda5@comcast.net,6c9luTMMf,"[""ROLE_USER""]",Alejandrina,Garred
367,gowtrama6@icq.com,X33NXalO3hxw,"[""ROLE_USER"",""ROLE_AUTHOR""]",Giana,Owtram
368,jellingswortha7@utexas.edu,qkpQefjAQpsf,"[""ROLE_USER"",""ROLE_AUTHOR""]",Jenda,Ellingsworth
369,mhatrya8@ucsd.edu,tDdGnBXKN8X,"[""ROLE_USER"",""ROLE_ADMIN"",""ROLE_AUTHOR""]",Marven,Hatry
370,lhickenbottoma9@unesco.org,PIlHWpASL,"[""ROLE_USER"",""ROLE_ADMIN"",""ROLE_AUTHOR""]",Lena,Hickenbottom
371,gsnoadaa@vistaprint.com,WCRKbZMC4,"[""ROLE_USER""]",Gisele,Snoad
372,alantryab@mysql.com,92WPwg,"[""ROLE_USER"",""ROLE_ADMIN"",""ROLE_AUTHOR""]",Ad,Lantry
373,asonscheinac@seesaa.net,ZO6FkTuU,"[""ROLE_USER""]",Alie,Sonschein
374,svictoryad@phpbb.com,1hiDeyG8a5,"[""ROLE_USER""]",Sosanna,Victory
375,lharmanae@sphinn.com,K5O5ip,"[""ROLE_USER"",""ROLE_ADMIN"",""ROLE_AUTHOR""]",Lotta,Harman
376,jpocklingtonaf@japanpost.jp,b16FpPHQeIN,"[""ROLE_USER"",""ROLE_ADMIN"",""ROLE_AUTHOR""]",Jacques,Pocklington
377,tpervoeag@vkontakte.ru,CRUcQCqrBD,"[""ROLE_USER"",""ROLE_ADMIN"",""ROLE_AUTHOR""]",Tobe,Pervoe
378,dstonnellah@histats.com,0bUd2xMHVa3,"[""ROLE_USER"",""ROLE_ADMIN"",""ROLE_AUTHOR""]",Dalston,Stonnell
379,rsorelai@blog.com,ZUKC7Ev3UJps,"[""ROLE_USER"",""ROLE_ADMIN"",""ROLE_AUTHOR""]",Richart,Sorel
380,dferaj@mysql.com,e3KeshpR,"[""ROLE_USER""]",Devinne,Fer
381,bguddak@aboutads.info,pOamjPwJqFYe,"[""ROLE_USER"",""ROLE_AUTHOR""]",Bonny,Gudd
382,bcasaccioal@squarespace.com,PCLf22YR,"[""ROLE_USER""]",Bendicty,Casaccio
383,stolsonam@house.gov,9HT8uBDDP2,"[""ROLE_USER"",""ROLE_ADMIN"",""ROLE_AUTHOR""]",Sam,Tolson
384,pcorsonan@cargocollective.com,lLogIffqt,"[""ROLE_USER"",""ROLE_ADMIN"",""ROLE_AUTHOR""]",Phillis,Corson
385,awalleyao@desdev.cn,zKyNvqPax6SW,"[""ROLE_USER"",""ROLE_ADMIN"",""ROLE_AUTHOR""]",Allayne,Walley
386,hsandellsap@symantec.com,q1jseZcM2,"[""ROLE_USER"",""ROLE_ADMIN"",""ROLE_AUTHOR""]",Harland,Sandells
387,gbumpusaq@umn.edu,otR5jZDZsCo,"[""ROLE_USER"",""ROLE_AUTHOR""]",Georgy,Bumpus
388,hdurnoar@mapquest.com,nyZt0i5aju,"[""ROLE_USER"",""ROLE_ADMIN"",""ROLE_AUTHOR""]",Heida,Durno
389,acleftas@desdev.cn,OkXoQVyPGgt,"[""ROLE_USER""]",Arlene,Cleft
390,ssmoutat@behance.net,vpHWJ6oF,"[""ROLE_USER"",""ROLE_AUTHOR""]",Stefania,Smout
391,adreverau@si.edu,9LLaignU,"[""ROLE_USER""]",Ansley,Drever
392,bhutchinav@gravatar.com,YEpo299D0tCp,"[""ROLE_USER""]",Binny,Hutchin
393,carcaseaw@cbslocal.com,EeYxMk,"[""ROLE_USER"",""ROLE_ADMIN"",""ROLE_AUTHOR""]",Cicely,Arcase
394,maverallax@tumblr.com,xePE18SgGK,"[""ROLE_USER"",""ROLE_AUTHOR""]",Moise,Averall
395,arederay@disqus.com,OBwH4IRC,"[""ROLE_USER""]",Abby,Reder
396,sbooleaz@bloglovin.com,fx0WNJtMby5v,"[""ROLE_USER"",""ROLE_ADMIN""]",Sandor,Boole
397,kjensonb0@smh.com.au,dBGxkSNli,"[""ROLE_USER"",""ROLE_AUTHOR""]",Karrie,Jenson
398,osnowdenb1@mapquest.com,ahHsWYmKAGe,"[""ROLE_USER"",""ROLE_ADMIN"",""ROLE_AUTHOR""]",Odella,Snowden
399,mritellib2@usnews.com,vgVPRMcZHa,"[""ROLE_USER"",""ROLE_ADMIN"",""ROLE_AUTHOR""]",Miles,Ritelli
400,nmoenb3@mediafire.com,aVRyU1P0BHQV,"[""ROLE_USER"",""ROLE_ADMIN"",""ROLE_AUTHOR""]",Nicolette,Moen
401,rroddenb4@canalblog.com,91E3eKgNs,"[""ROLE_USER"",""ROLE_AUTHOR""]",Raffaello,Rodden
402,sanyeneb5@privacy.gov.au,AvrEKltk6VZE,"[""ROLE_USER"",""ROLE_ADMIN""]",Stesha,Anyene
403,rdufaurb6@pen.io,JyGlQc,"[""ROLE_USER"",""ROLE_AUTHOR""]",Raymund,Dufaur
404,gattawellb7@wikimedia.org,YvMsT4IKWIe,"[""ROLE_USER"",""ROLE_ADMIN""]",Gene,Attawell
405,opesseltb8@constantcontact.com,yH91i9oA7Q,"[""ROLE_USER"",""ROLE_ADMIN"",""ROLE_AUTHOR""]",Orelle,Pesselt
406,dsabenb9@xinhuanet.com,l5dFT6BYCoQV,"[""ROLE_USER"",""ROLE_ADMIN"",""ROLE_AUTHOR""]",Dayle,Saben
407,cmackellarba@hhs.gov,OBsTIA,"[""ROLE_USER"",""ROLE_ADMIN""]",Cy,MacKellar
408,ralenichevbb@i2i.jp,2qhZhLhY,"[""ROLE_USER"",""ROLE_AUTHOR""]",Roxy,Alenichev
409,dwanellbc@businesswire.com,MAXp3CHIOh,"[""ROLE_USER"",""ROLE_ADMIN"",""ROLE_AUTHOR""]",Donovan,Wanell
410,csummersbybd@biblegateway.com,SYIBwe,"[""ROLE_USER"",""ROLE_ADMIN"",""ROLE_AUTHOR""]",Curtice,Summersby
411,frickeardbe@hao123.com,2SnFofZp6,"[""ROLE_USER"",""ROLE_ADMIN"",""ROLE_AUTHOR""]",Francesco,Rickeard
412,rgraysonbf@apache.org,hSrkpoVX,"[""ROLE_USER"",""ROLE_AUTHOR""]",Rowland,Grayson
413,msankeybg@networksolutions.com,T2z26nYiGYg,"[""ROLE_USER"",""ROLE_AUTHOR""]",Mead,Sankey
414,krubanenkobh@360.cn,tk1gVEKWylb,"[""ROLE_USER"",""ROLE_AUTHOR""]",Kial,Rubanenko
415,gburrasbi@house.gov,3bGEEMiF,"[""ROLE_USER"",""ROLE_AUTHOR""]",Giles,Burras
416,mbrodneckebj@umich.edu,yR6t9JeNkT,"[""ROLE_USER"",""ROLE_ADMIN"",""ROLE_AUTHOR""]",Meryl,Brodnecke
417,fpentelowbk@slideshare.net,MXhxmhMs,"[""ROLE_USER"",""ROLE_AUTHOR""]",Fraze,Pentelow
418,cdethloffbl@webeden.co.uk,DJkpZaY,"[""ROLE_USER"",""ROLE_AUTHOR""]",Clara,Dethloff
419,sdudinbm@epa.gov,P7SHUIAL,"[""ROLE_USER"",""ROLE_AUTHOR""]",Sheba,Dudin
420,cjanewbn@yale.edu,ovEZsJS29Yka,"[""ROLE_USER"",""ROLE_AUTHOR""]",Coreen,Janew
421,rlatanbo@behance.net,ieeDkiQcio,"[""ROLE_USER"",""ROLE_ADMIN"",""ROLE_AUTHOR""]",Roseanna,Latan
422,estowtebp@nps.gov,vVMcoal5,"[""ROLE_USER"",""ROLE_ADMIN"",""ROLE_AUTHOR""]",Enriqueta,Stowte
423,aboottonbq@ca.gov,HsxjNAQd,"[""ROLE_USER"",""ROLE_ADMIN"",""ROLE_AUTHOR""]",Aldo,Bootton
424,gsheersbr@delicious.com,JaiAE8Xl3I,"[""ROLE_USER"",""ROLE_AUTHOR""]",Gian,Sheers
425,awelfordbs@spotify.com,VOFGqA,"[""ROLE_USER"",""ROLE_ADMIN"",""ROLE_AUTHOR""]",Adela,Welford
426,kironbt@constantcontact.com,GlGfKEiESryg,"[""ROLE_USER""]",Kass,Iron
427,sfullombu@army.mil,jjP24uT,"[""ROLE_USER"",""ROLE_ADMIN"",""ROLE_AUTHOR""]",Sapphira,Fullom
428,mmcblainbv@shop-pro.jp,Yd7stes0Jln,"[""ROLE_USER"",""ROLE_ADMIN"",""ROLE_AUTHOR""]",Malory,McBlain
429,hdydebw@imdb.com,TBjz5UmMw0kX,"[""ROLE_USER"",""ROLE_ADMIN""]",Harlin,Dyde
430,rbenfordbx@prweb.com,SRGLQmohq,"[""ROLE_USER"",""ROLE_AUTHOR""]",Rorie,Benford
431,rgowmanby@purevolume.com,RwsQa6,"[""ROLE_USER"",""ROLE_AUTHOR""]",Ricky,Gowman
432,polandabz@360.cn,r2apnK,"[""ROLE_USER"",""ROLE_AUTHOR""]",Pennie,Olanda
433,gedensc0@163.com,njcbSWHCh,"[""ROLE_USER"",""ROLE_AUTHOR""]",Gabbey,Edens
434,tszwandtc1@cafepress.com,mEsA5pH,"[""ROLE_USER"",""ROLE_AUTHOR""]",Tracy,Szwandt
435,sjewkesc2@123-reg.co.uk,ony2fW3kl0N,"[""ROLE_USER"",""ROLE_ADMIN"",""ROLE_AUTHOR""]",Son,Jewkes
436,cwinstonec3@princeton.edu,l5rw9C3R,"[""ROLE_USER"",""ROLE_ADMIN"",""ROLE_AUTHOR""]",Chantal,Winstone
437,pclappsonc4@studiopress.com,ZLBYnhAaL6,"[""ROLE_USER"",""ROLE_ADMIN"",""ROLE_AUTHOR""]",Payton,Clappson
438,wharmerc5@gnu.org,Wp2LYlV,"[""ROLE_USER"",""ROLE_ADMIN"",""ROLE_AUTHOR""]",Welbie,Harmer
439,acolquitec6@wordpress.com,vyB9l2Lo5p,"[""ROLE_USER"",""ROLE_ADMIN"",""ROLE_AUTHOR""]",Anatol,Colquite
440,kcelezc7@mozilla.com,AavpK43OGTw,"[""ROLE_USER"",""ROLE_ADMIN"",""ROLE_AUTHOR""]",Katya,Celez
441,jlogsdailc8@seesaa.net,tevfIkjThMX,"[""ROLE_USER"",""ROLE_ADMIN"",""ROLE_AUTHOR""]",Joey,Logsdail
442,dswatradgec9@newsvine.com,HIg2Aql,"[""ROLE_USER"",""ROLE_AUTHOR""]",Desdemona,Swatradge
443,dgastickeca@cbc.ca,1Txs9XS,"[""ROLE_USER"",""ROLE_AUTHOR""]",Denys,Gasticke
444,vflowerdewcb@flavors.me,SUmsQeShdx,"[""ROLE_USER"",""ROLE_ADMIN"",""ROLE_AUTHOR""]",Vincents,Flowerdew
445,ecompsoncc@utexas.edu,kp7KSQvYPkA,"[""ROLE_USER""]",Effie,Compson
446,deldencd@howstuffworks.com,QddRrLn,"[""ROLE_USER"",""ROLE_ADMIN"",""ROLE_AUTHOR""]",Daven,Elden
447,bklishince@hubpages.com,avGVbh,"[""ROLE_USER"",""ROLE_ADMIN"",""ROLE_AUTHOR""]",Brigitte,Klishin
448,tewdalecf@diigo.com,ASjFjT,"[""ROLE_USER"",""ROLE_AUTHOR""]",Terry,Ewdale
449,zbritneycg@illinois.edu,Tuj8MSytY,"[""ROLE_USER"",""ROLE_AUTHOR""]",Zacharia,Britney
450,pleech@nifty.com,BOBSqtUhx,"[""ROLE_USER"",""ROLE_AUTHOR""]",Pietra,Lee
451,cwomersleyci@hatena.ne.jp,1UmpWeX,"[""ROLE_USER"",""ROLE_ADMIN"",""ROLE_AUTHOR""]",Cointon,Womersley
452,jlambertocj@yelp.com,TSJRBwNzZb,"[""ROLE_USER"",""ROLE_ADMIN""]",Jerri,Lamberto
453,moldamck@unc.edu,1wwDNWH,"[""ROLE_USER"",""ROLE_ADMIN""]",Marthe,Oldam
454,azelnercl@opera.com,7xOfpn,"[""ROLE_USER"",""ROLE_ADMIN""]",Annissa,Zelner
455,jbaystoncm@elpais.com,H3zy5e3CqU,"[""ROLE_USER"",""ROLE_ADMIN"",""ROLE_AUTHOR""]",Judie,Bayston
456,dsigartcn@who.int,D50VrZO,"[""ROLE_USER"",""ROLE_ADMIN""]",Denna,Sigart
457,zrushbyco@acquirethisname.com,duNe5nLNSrU,"[""ROLE_USER""]",Zaneta,Rushby
458,meadiecp@ow.ly,vFQQxkZK7RI,"[""ROLE_USER"",""ROLE_AUTHOR""]",Mathe,Eadie
459,cmacmeekingcq@toplist.cz,rfL8prY1PE,"[""ROLE_USER"",""ROLE_ADMIN"",""ROLE_AUTHOR""]",Celestina,MacMeeking
460,dseniorcr@wisc.edu,yri8Xlf85lL0,"[""ROLE_USER"",""ROLE_ADMIN"",""ROLE_AUTHOR""]",Demetris,Senior
461,bsorrellcs@flavors.me,E2o1hBxYKKi9,"[""ROLE_USER"",""ROLE_ADMIN"",""ROLE_AUTHOR""]",Brita,Sorrell
462,celseyct@pcworld.com,8iWJ30xa,"[""ROLE_USER"",""ROLE_ADMIN"",""ROLE_AUTHOR""]",Conrad,Elsey
463,ccodacu@youku.com,Ce5s0dSQ8,"[""ROLE_USER"",""ROLE_ADMIN"",""ROLE_AUTHOR""]",Constancy,Coda
464,bclubleycv@hubpages.com,dZDXtSk,"[""ROLE_USER"",""ROLE_ADMIN""]",Bald,Clubley
465,rlackintoncw@usatoday.com,uqJnQZDGph,"[""ROLE_USER"",""ROLE_ADMIN"",""ROLE_AUTHOR""]",Read,Lackinton
466,pmcgrirlcx@usa.gov,wKHzu5AZq,"[""ROLE_USER"",""ROLE_ADMIN"",""ROLE_AUTHOR""]",Paulette,McGrirl
467,bhandrokcy@wikipedia.org,8kUyDow,"[""ROLE_USER""]",Bernie,Handrok
468,ndowglasscz@narod.ru,ISqQtcIMlD,"[""ROLE_USER"",""ROLE_ADMIN""]",Nevins,Dowglass
469,sdegregolid0@comsenz.com,lTJh9QvR,"[""ROLE_USER"",""ROLE_AUTHOR""]",Silva,De Gregoli
470,dfoskind1@e-recht24.de,gIiokzV6,"[""ROLE_USER"",""ROLE_AUTHOR""]",Dav,Foskin
471,wdownesd2@ihg.com,xaLRdDe1,"[""ROLE_USER"",""ROLE_AUTHOR""]",Way,Downes
472,cailmerd3@unc.edu,cWalPcx17gnn,"[""ROLE_USER"",""ROLE_ADMIN"",""ROLE_AUTHOR""]",Chad,Ailmer
473,gpetrushkevichd4@naver.com,olwVfAHMshdN,"[""ROLE_USER"",""ROLE_ADMIN"",""ROLE_AUTHOR""]",Gayla,Petrushkevich
474,xlongod5@istockphoto.com,IULSR1S8av3,"[""ROLE_USER"",""ROLE_AUTHOR""]",Xena,Longo
475,fdrinkhilld6@telegraph.co.uk,NMPeJF,"[""ROLE_USER"",""ROLE_AUTHOR""]",Farah,Drinkhill
476,kcaroland7@nsw.gov.au,SfvTldbAu,"[""ROLE_USER"",""ROLE_AUTHOR""]",Kirk,Carolan
477,gsmalld8@google.nl,elr9ZiWup,"[""ROLE_USER"",""ROLE_AUTHOR""]",Giraud,Small
478,cearlyd9@merriam-webster.com,f7aplhihye,"[""ROLE_USER"",""ROLE_AUTHOR""]",Corbett,Early
479,tphilpotsda@ucsd.edu,5ddyZKn6iHq6,"[""ROLE_USER"",""ROLE_AUTHOR""]",Theda,Philpots
480,fcostondb@shinystat.com,H69eLeq6T6,"[""ROLE_USER"",""ROLE_ADMIN"",""ROLE_AUTHOR""]",Fania,Coston
481,nrosgendc@wsj.com,nKYI3i5x6FL,"[""ROLE_USER"",""ROLE_ADMIN"",""ROLE_AUTHOR""]",Nevil,Rosgen
482,randressdd@weibo.com,ra3Fzxrjjj3g,"[""ROLE_USER"",""ROLE_AUTHOR""]",Ross,Andress
483,sadamidesde@lycos.com,SElTxvX,"[""ROLE_USER""]",Siusan,Adamides
484,hkneedf@harvard.edu,hY1hFI47cL,"[""ROLE_USER"",""ROLE_ADMIN"",""ROLE_AUTHOR""]",Hashim,Knee
485,modonnelldg@oakley.com,NjSmOwI,"[""ROLE_USER"",""ROLE_ADMIN"",""ROLE_AUTHOR""]",Mamie,O'Donnell
486,dhavenhanddh@technorati.com,8GEJWujQ,"[""ROLE_USER""]",Dudley,Havenhand
487,dmesiasdi@spotify.com,shTaeV1vR,"[""ROLE_USER"",""ROLE_ADMIN""]",Deedee,Mesias
488,nprattdj@blogtalkradio.com,MjRclMpsV,"[""ROLE_USER"",""ROLE_ADMIN"",""ROLE_AUTHOR""]",Nehemiah,Pratt
489,lpaliadk@home.pl,ATGKnHmLVDsc,"[""ROLE_USER"",""ROLE_AUTHOR""]",Lonnie,Palia
490,bcrossbydl@tumblr.com,B011j2,"[""ROLE_USER"",""ROLE_ADMIN"",""ROLE_AUTHOR""]",Bunnie,Crossby
491,gyeatsdm@w3.org,QNL7HpE,"[""ROLE_USER"",""ROLE_ADMIN"",""ROLE_AUTHOR""]",Gregoor,Yeats
492,mpaulackdn@1und1.de,Rtw3rHzu3q,"[""ROLE_USER"",""ROLE_ADMIN"",""ROLE_AUTHOR""]",Murial,Paulack
493,tyudedo@cloudflare.com,pGa8UH,"[""ROLE_USER"",""ROLE_ADMIN"",""ROLE_AUTHOR""]",Tom,Yude
494,snorresdp@nasa.gov,EIgexlds,"[""ROLE_USER"",""ROLE_ADMIN"",""ROLE_AUTHOR""]",Sanford,Norres
495,pogilbydq@technorati.com,s7XrcKU,"[""ROLE_USER"",""ROLE_AUTHOR""]",Persis,Ogilby
496,aridoutdr@quantcast.com,5VuKmiDi,"[""ROLE_USER"",""ROLE_AUTHOR""]",Ahmad,Ridout
497,bmcleoidds@amazon.com,CGiBByB,"[""ROLE_USER"",""ROLE_ADMIN"",""ROLE_AUTHOR""]",Bartolemo,McLeoid
498,jwhybraydt@newsvine.com,b9wKqJ,"[""ROLE_USER"",""ROLE_AUTHOR""]",Judith,Whybray
499,cclaptondu@ezinearticles.com,pmkqMkZ4,"[""ROLE_USER"",""ROLE_ADMIN"",""ROLE_AUTHOR""]",Claire,Clapton
500,gbartelsdv@telegraph.co.uk,4aSzRFDa,"[""ROLE_USER"",""ROLE_ADMIN"",""ROLE_AUTHOR""]",Griff,Bartels
501,rfeaveerdw@squidoo.com,Faw8sWrxuucm,"[""ROLE_USER""]",Roosevelt,Feaveer
502,dsambalsdx@cargocollective.com,vWqIcgTf2Sy2,"[""ROLE_USER"",""ROLE_AUTHOR""]",Danica,Sambals
503,dbrackstonedy@comsenz.com,WCP4rxFyUry,"[""ROLE_USER"",""ROLE_ADMIN"",""ROLE_AUTHOR""]",Danette,Brackstone
504,rkurtdz@nps.gov,wsZlA32kaJ,"[""ROLE_USER"",""ROLE_ADMIN""]",Rickie,Kurt
505,chruskae0@ted.com,4MfNu53,"[""ROLE_USER"",""ROLE_ADMIN"",""ROLE_AUTHOR""]",Conroy,Hruska
506,tkingslye1@ft.com,wQk7dezyver,"[""ROLE_USER"",""ROLE_AUTHOR""]",Tim,Kingsly
507,rboxalle2@etsy.com,APGjBzzO,"[""ROLE_USER"",""ROLE_ADMIN""]",Ronald,Boxall
508,eabatee3@rediff.com,79j2XP,"[""ROLE_USER"",""ROLE_ADMIN"",""ROLE_AUTHOR""]",Efren,Abate
509,smilnthorpee4@mail.ru,ebC8iCasdpYm,"[""ROLE_USER"",""ROLE_AUTHOR""]",Sergio,Milnthorpe
510,avanderhovene5@cdbaby.com,SN9xt7SR,"[""ROLE_USER"",""ROLE_ADMIN""]",Ariela,Van der Hoven
511,druee6@jalbum.net,IRPmTWSY,"[""ROLE_USER"",""ROLE_AUTHOR""]",Danella,Rue
512,egotobede7@cmu.edu,L9FhwqmGQ23,"[""ROLE_USER"",""ROLE_ADMIN"",""ROLE_AUTHOR""]",Evin,Gotobed
513,gwatkinsone8@ft.com,ZDAVFL5HVXYG,"[""ROLE_USER"",""ROLE_AUTHOR""]",Grannie,Watkinson
514,bsweetlande9@berkeley.edu,WiGar3mjei8,"[""ROLE_USER""]",Bail,Sweetland
515,vlambswoodea@stumbleupon.com,50yX427nV,"[""ROLE_USER"",""ROLE_ADMIN""]",Vachel,Lambswood
516,atorrijoseb@microsoft.com,RWkCfblt,"[""ROLE_USER"",""ROLE_ADMIN"",""ROLE_AUTHOR""]",Antonin,Torrijos
517,aizakovec@cbc.ca,axeVUvPjS,"[""ROLE_USER"",""ROLE_ADMIN"",""ROLE_AUTHOR""]",Annalise,Izakov
518,bseilered@slashdot.org,exXnocduHpL,"[""ROLE_USER"",""ROLE_ADMIN""]",Bamby,Seiler
519,ucreavanee@nhs.uk,ukAm8Q,"[""ROLE_USER"",""ROLE_ADMIN""]",Uta,Creavan
520,cwinsperef@si.edu,WrT5PqjF9,"[""ROLE_USER"",""ROLE_AUTHOR""]",Charleen,Winsper
521,ctruseeg@hatena.ne.jp,dm5agOT,"[""ROLE_USER"",""ROLE_AUTHOR""]",Carey,Truse
522,cferenczeh@nba.com,EzNuE1LJwY,"[""ROLE_USER"",""ROLE_ADMIN"",""ROLE_AUTHOR""]",Charmane,Ferencz
523,jgoodwinsei@webs.com,WUFoEwz7U,"[""ROLE_USER"",""ROLE_AUTHOR""]",Jeno,Goodwins
524,afearnyoughej@ameblo.jp,p46ukaawc,"[""ROLE_USER""]",Andrei,Fearnyough
525,jhaffnerek@nymag.com,GeAQUc,"[""ROLE_USER"",""ROLE_ADMIN"",""ROLE_AUTHOR""]",Judye,Haffner
526,ldurransel@ucoz.ru,djWlvTzMcnMO,"[""ROLE_USER""]",Lil,Durrans
527,dcicchitelloem@nymag.com,V6nOe4EsSl,"[""ROLE_USER""]",Deane,Cicchitello
528,tpordallen@usnews.com,VHHaYLeFHYW,"[""ROLE_USER"",""ROLE_ADMIN"",""ROLE_AUTHOR""]",Terence,Pordall
529,ejagglieo@gmpg.org,GUjBFEjaNp2,"[""ROLE_USER"",""ROLE_AUTHOR""]",Erek,Jaggli
530,eeathorneep@boston.com,9X4zeRtlvqCh,"[""ROLE_USER""]",Eberhard,Eathorne
531,fnuttoneq@is.gd,3h3boU6JhCEi,"[""ROLE_USER"",""ROLE_ADMIN"",""ROLE_AUTHOR""]",Florence,Nutton
532,wrubener@ftc.gov,SvGpZHLNG,"[""ROLE_USER""]",Walliw,Ruben
533,cpontees@wiley.com,gDmCaTh3Q9,"[""ROLE_USER""]",Colette,Ponte
534,tjesset@soundcloud.com,tHuey1tnnl4T,"[""ROLE_USER"",""ROLE_ADMIN"",""ROLE_AUTHOR""]",Tammi,Jess
535,sdekeepeu@edublogs.org,mz1SQGwl,"[""ROLE_USER"",""ROLE_ADMIN"",""ROLE_AUTHOR""]",Sari,de Keep
536,rwoodgateev@jugem.jp,vQxqI8BCxB6u,"[""ROLE_USER"",""ROLE_ADMIN"",""ROLE_AUTHOR""]",Rhona,Woodgate
537,tolliffew@usda.gov,gIseqJizfaJI,"[""ROLE_USER"",""ROLE_ADMIN"",""ROLE_AUTHOR""]",Teriann,Olliff
538,bchapierex@phoca.cz,N0zkwZb4y,"[""ROLE_USER"",""ROLE_ADMIN"",""ROLE_AUTHOR""]",Briggs,Chapier
539,cpatilloey@angelfire.com,WdnVGzgN,"[""ROLE_USER"",""ROLE_ADMIN"",""ROLE_AUTHOR""]",Cami,Patillo
540,mpinchenez@dell.com,DdnBfgP0,"[""ROLE_USER"",""ROLE_ADMIN"",""ROLE_AUTHOR""]",Margarethe,Pinchen
541,grahloff0@aboutads.info,f9Noft,"[""ROLE_USER"",""ROLE_AUTHOR""]",Gladi,Rahlof
542,yholdallf1@cloudflare.com,u4kyWhfwJ8,"[""ROLE_USER"",""ROLE_ADMIN"",""ROLE_AUTHOR""]",Yoshiko,Holdall
543,kbroadistf2@w3.org,CQncUyK2lu7,"[""ROLE_USER"",""ROLE_ADMIN"",""ROLE_AUTHOR""]",Kitty,Broadist
544,kfardonf3@arizona.edu,g7mmHDUnkhRT,"[""ROLE_USER"",""ROLE_AUTHOR""]",Karna,Fardon
545,roswalf4@harvard.edu,1mCd6bO5dTT,"[""ROLE_USER""]",Rube,Oswal
546,ovakhrushevf5@soundcloud.com,yhUbIIB3py,"[""ROLE_USER"",""ROLE_ADMIN"",""ROLE_AUTHOR""]",Odilia,Vakhrushev
547,ftrucef6@zimbio.com,UYZAOrt,"[""ROLE_USER"",""ROLE_AUTHOR""]",Fielding,Truce
548,wbrandrethf7@google.es,r09Pc83XC1,"[""ROLE_USER"",""ROLE_ADMIN"",""ROLE_AUTHOR""]",William,Brandreth
549,ialennikovf8@nationalgeographic.com,304ne5MOd,"[""ROLE_USER"",""ROLE_ADMIN"",""ROLE_AUTHOR""]",Isahella,Alennikov
550,lwhitefordf9@auda.org.au,CSdA6A,"[""ROLE_USER"",""ROLE_ADMIN"",""ROLE_AUTHOR""]",Lyndell,Whiteford
551,vbarwickfa@dedecms.com,w9LirhMVrqVt,"[""ROLE_USER"",""ROLE_ADMIN"",""ROLE_AUTHOR""]",Valaria,Barwick
552,gharfordfb@is.gd,fUFseD5,"[""ROLE_USER""]",Gabie,Harford
553,mbruinfc@flavors.me,zUaQbJVhGvGw,"[""ROLE_USER"",""ROLE_ADMIN"",""ROLE_AUTHOR""]",Michaela,Bruin
554,mmelbyfd@cdbaby.com,uY1NpA,"[""ROLE_USER"",""ROLE_AUTHOR""]",Murvyn,Melby
555,cleverettefe@github.io,7Hy4ay,"[""ROLE_USER"",""ROLE_ADMIN"",""ROLE_AUTHOR""]",Carolus,Leverette
556,hleverentzff@craigslist.org,hZC8oa0Ml7ZL,"[""ROLE_USER"",""ROLE_ADMIN"",""ROLE_AUTHOR""]",Heindrick,Leverentz
557,cgrzegoreckifg@php.net,AXefZB,"[""ROLE_USER"",""ROLE_AUTHOR""]",Carlyle,Grzegorecki
558,nlezemorefh@exblog.jp,2ERYHpyTy6,"[""ROLE_USER"",""ROLE_ADMIN"",""ROLE_AUTHOR""]",Nehemiah,Lezemore
559,anewbornfi@newyorker.com,T4vAClNi90C,"[""ROLE_USER""]",Alix,Newborn
560,gvanbrughfj@mozilla.org,GANcg4qh,"[""ROLE_USER"",""ROLE_ADMIN""]",Gaile,VanBrugh
561,hjansenfk@noaa.gov,tHxPvQcz,"[""ROLE_USER"",""ROLE_ADMIN"",""ROLE_AUTHOR""]",Hernando,Jansen
562,nmulchronefl@archive.org,6SIhFvCS,"[""ROLE_USER"",""ROLE_AUTHOR""]",Natka,Mulchrone
563,fpappinfm@taobao.com,R2M7qav,"[""ROLE_USER""]",Fergus,Pappin
564,gmccrackemfn@comsenz.com,SUgSHQk4t8Tj,"[""ROLE_USER"",""ROLE_ADMIN"",""ROLE_AUTHOR""]",Gabe,McCrackem
565,aambergerfo@naver.com,wn6N8ja4C,"[""ROLE_USER"",""ROLE_ADMIN"",""ROLE_AUTHOR""]",Ainslee,Amberger
566,bgwynnfp@ehow.com,PCg2DE,"[""ROLE_USER"",""ROLE_ADMIN"",""ROLE_AUTHOR""]",Bordy,Gwynn
567,frigatefq@alexa.com,FMLYPU,"[""ROLE_USER""]",Forbes,Rigate
568,lhawtreyfr@thetimes.co.uk,pXiAIB,"[""ROLE_USER""]",Ly,Hawtrey
569,tkenefickfs@tripod.com,qOwmWcm8HOG,"[""ROLE_USER"",""ROLE_AUTHOR""]",Tommy,Kenefick
570,liliffeft@timesonline.co.uk,TX3EOiCwq,"[""ROLE_USER"",""ROLE_AUTHOR""]",Louie,Iliffe
571,dquoganfu@icq.com,FvyMHk4o,"[""ROLE_USER"",""ROLE_ADMIN"",""ROLE_AUTHOR""]",Dyann,Quogan
572,bimpyfv@tamu.edu,FooEHs5vklfL,"[""ROLE_USER"",""ROLE_AUTHOR""]",Brnaby,Impy
573,evellafw@dot.gov,wPRsGi,"[""ROLE_USER""]",Elvin,Vella
574,lkobpacfx@dropbox.com,hCLhGQ,"[""ROLE_USER"",""ROLE_AUTHOR""]",Leila,Kobpac
575,adesantisfy@webeden.co.uk,tWTIr1n5j,"[""ROLE_USER"",""ROLE_ADMIN"",""ROLE_AUTHOR""]",Averil,Desantis
576,dpolamontaynefz@intel.com,1d7LCf6I,"[""ROLE_USER"",""ROLE_ADMIN"",""ROLE_AUTHOR""]",Didi,Polamontayne
577,mcastrog0@vk.com,exDRlV,"[""ROLE_USER"",""ROLE_ADMIN"",""ROLE_AUTHOR""]",Malva,Castro
578,pespineg1@com.com,x6JO3HI,"[""ROLE_USER"",""ROLE_AUTHOR""]",Pepillo,Espine
579,joagerg2@utexas.edu,zEMmTtGujEEW,"[""ROLE_USER"",""ROLE_ADMIN"",""ROLE_AUTHOR""]",Junie,Oager
580,bgowang3@histats.com,LjjNA4Yimup,"[""ROLE_USER"",""ROLE_ADMIN""]",Buffy,Gowan
581,bravenshearg4@bizjournals.com,AafMvOiHMO,"[""ROLE_USER"",""ROLE_ADMIN"",""ROLE_AUTHOR""]",Blondie,Ravenshear
582,dritchardg5@cbsnews.com,hMWrbEj7g,"[""ROLE_USER""]",Derry,Ritchard
583,jwittmang6@icq.com,PhOfXFSMKok,"[""ROLE_USER"",""ROLE_ADMIN"",""ROLE_AUTHOR""]",Jaquith,Wittman
584,acorbridgeg7@dot.gov,lBIIuTXA,"[""ROLE_USER"",""ROLE_ADMIN"",""ROLE_AUTHOR""]",Ab,Corbridge
585,cdecarolisg8@cnbc.com,07Y9SDrFM,"[""ROLE_USER"",""ROLE_ADMIN""]",Chrissie,De Carolis
586,mhyamsg9@icq.com,4l9ybde,"[""ROLE_USER"",""ROLE_ADMIN"",""ROLE_AUTHOR""]",Maggie,Hyams
587,hmackowlega@unesco.org,tLOZr0Z,"[""ROLE_USER"",""ROLE_ADMIN""]",Hagen,MacKowle
588,jbagbygb@xing.com,6pG0LQE,"[""ROLE_USER"",""ROLE_ADMIN""]",Jo-ann,Bagby
589,bllorentegc@npr.org,rwiqOJoYw1lx,"[""ROLE_USER"",""ROLE_AUTHOR""]",Brinn,Llorente
590,vheersgd@bizjournals.com,SgcNAk5F,"[""ROLE_USER"",""ROLE_ADMIN"",""ROLE_AUTHOR""]",Valentine,Heers
591,sbartosikge@boston.com,28diA9Sdr16,"[""ROLE_USER"",""ROLE_AUTHOR""]",Sax,Bartosik
592,psambrokgf@hibu.com,tz8kq6,"[""ROLE_USER"",""ROLE_ADMIN"",""ROLE_AUTHOR""]",Perrine,Sambrok
593,lbendallgg@nih.gov,akm9gnj,"[""ROLE_USER"",""ROLE_ADMIN"",""ROLE_AUTHOR""]",Lincoln,Bendall
594,otitheringtongh@slashdot.org,p6ZgRJMSAn,"[""ROLE_USER"",""ROLE_ADMIN""]",Oswell,Titherington
595,hschruyersgi@amazon.com,RaR6ZJ,"[""ROLE_USER"",""ROLE_ADMIN"",""ROLE_AUTHOR""]",Hildagarde,Schruyers
596,clillecropgj@networkadvertising.org,IrrEnh73kK,"[""ROLE_USER"",""ROLE_ADMIN""]",Calvin,Lillecrop
597,ekinnergk@cnbc.com,zCnFgXALir,"[""ROLE_USER"",""ROLE_AUTHOR""]",Erik,Kinner
598,brodenburghgl@ask.com,m6ytRLAM,"[""ROLE_USER"",""ROLE_AUTHOR""]",Bjorn,Rodenburgh
599,mbecerrogm@boston.com,DjKH7F69Zx,"[""ROLE_USER"",""ROLE_ADMIN"",""ROLE_AUTHOR""]",Megen,Becerro
600,kmirandogn@usda.gov,L6gKTxs8RN7a,"[""ROLE_USER"",""ROLE_ADMIN"",""ROLE_AUTHOR""]",Kerry,Mirando
601,hchristophergo@indiatimes.com,XKkzB5N,"[""ROLE_USER"",""ROLE_ADMIN""]",Halette,Christopher
602,hhalwellgp@theguardian.com,vfPLJ680Rn,"[""ROLE_USER"",""ROLE_ADMIN"",""ROLE_AUTHOR""]",Hayley,Halwell
603,cseyffertgq@imgur.com,SwIUOk7,"[""ROLE_USER"",""ROLE_ADMIN"",""ROLE_AUTHOR""]",Cora,Seyffert
604,ppursehousegr@cafepress.com,gADVaPSHdeY,"[""ROLE_USER""]",Paddie,Pursehouse
605,delliffgs@walmart.com,JPlJxroFT3Sz,"[""ROLE_USER""]",Dael,Elliff
606,ckeanegt@mit.edu,GNJ6auze,"[""ROLE_USER"",""ROLE_ADMIN""]",Crissy,Keane
607,ireppaportgu@ed.gov,gBMKkpJzq8S,"[""ROLE_USER"",""ROLE_ADMIN""]",Ingeborg,Reppaport
608,sdugdalegv@vkontakte.ru,yToOKAO5Yv,"[""ROLE_USER"",""ROLE_AUTHOR""]",Suzy,Dugdale
609,fedmonsongw@irs.gov,MH6QrhX,"[""ROLE_USER"",""ROLE_ADMIN"",""ROLE_AUTHOR""]",Felix,Edmonson
610,alydiategx@ehow.com,1zVpjiB1xU,"[""ROLE_USER""]",Alyss,Lydiate
611,tworshamgy@seesaa.net,QVCLTg,"[""ROLE_USER"",""ROLE_ADMIN"",""ROLE_AUTHOR""]",Tami,Worsham
612,rbrillemangz@apache.org,o59X7e,"[""ROLE_USER"",""ROLE_AUTHOR""]",Roderic,Brilleman
613,dtourvilleh0@cpanel.net,0lpTgML5,"[""ROLE_USER"",""ROLE_ADMIN"",""ROLE_AUTHOR""]",Dame,Tourville
614,smottinih1@pagesperso-orange.fr,KlvHKT,"[""ROLE_USER"",""ROLE_ADMIN"",""ROLE_AUTHOR""]",Shena,Mottini
615,wfitzroyh2@nhs.uk,tHC5mNP,"[""ROLE_USER"",""ROLE_ADMIN"",""ROLE_AUTHOR""]",Whittaker,Fitzroy
616,tperseyh3@elegantthemes.com,hr8iv86R,"[""ROLE_USER"",""ROLE_ADMIN"",""ROLE_AUTHOR""]",Tedi,Persey
617,jhorth4@twitpic.com,V8iJdGuBlyw0,"[""ROLE_USER"",""ROLE_ADMIN"",""ROLE_AUTHOR""]",Jill,Hort
618,bgaskoinh5@sun.com,lJTvAv,"[""ROLE_USER"",""ROLE_AUTHOR""]",Berkie,Gaskoin
619,kbuxceyh6@bizjournals.com,tbwOx6a,"[""ROLE_USER"",""ROLE_AUTHOR""]",Kylila,Buxcey
620,ggreesth7@miitbeian.gov.cn,gaR6IZ,"[""ROLE_USER"",""ROLE_ADMIN""]",Gregoor,Greest
621,bcawkwellh8@msn.com,noVWJuC,"[""ROLE_USER"",""ROLE_ADMIN"",""ROLE_AUTHOR""]",Brena,Cawkwell
622,mmullinh9@twitpic.com,EVwuUH5AVh,"[""ROLE_USER"",""ROLE_ADMIN"",""ROLE_AUTHOR""]",Marie-ann,Mullin
623,dwagstaffeha@bravesites.com,QFw1hhUdjzY,"[""ROLE_USER"",""ROLE_ADMIN"",""ROLE_AUTHOR""]",Danni,Wagstaffe
624,tneildhb@wufoo.com,nBEwURwlcr2,"[""ROLE_USER""]",Thorvald,Neild
625,jruselinhc@g.co,25npShDsHaw,"[""ROLE_USER"",""ROLE_ADMIN"",""ROLE_AUTHOR""]",Jessa,Ruselin
626,anapoleonehd@mashable.com,bVrR1zS,"[""ROLE_USER"",""ROLE_ADMIN"",""ROLE_AUTHOR""]",Aharon,Napoleone
627,rdegreyhe@cnet.com,XOOyGUyTiAu,"[""ROLE_USER"",""ROLE_ADMIN"",""ROLE_AUTHOR""]",Rick,de Grey
628,amangenothf@auda.org.au,8AI06mVl,"[""ROLE_USER"",""ROLE_ADMIN""]",Abby,Mangenot
629,jjaradhg@ebay.co.uk,fAmaHpwq,"[""ROLE_USER""]",Jon,Jarad
630,mhobellhh@phpbb.com,kdfaHA11Vd,"[""ROLE_USER"",""ROLE_ADMIN"",""ROLE_AUTHOR""]",Mannie,Hobell
631,fblaslihi@google.co.jp,KqVZIYxuDY,"[""ROLE_USER"",""ROLE_AUTHOR""]",Francine,Blasli
632,iterlindenhj@reddit.com,6qeJUet9gFy,"[""ROLE_USER"",""ROLE_ADMIN"",""ROLE_AUTHOR""]",Ivy,Terlinden
633,bibbshk@mail.ru,gRNofOPj,"[""ROLE_USER"",""ROLE_ADMIN"",""ROLE_AUTHOR""]",Bea,Ibbs
634,sbernardouxhl@1688.com,ioTHgc8CSjb,"[""ROLE_USER"",""ROLE_ADMIN"",""ROLE_AUTHOR""]",Sven,Bernardoux
635,rhowsdenhm@cloudflare.com,JyIuOP4,"[""ROLE_USER"",""ROLE_ADMIN"",""ROLE_AUTHOR""]",Rufe,Howsden
636,hfernandezhn@techcrunch.com,3oWgCxhXpMl,"[""ROLE_USER"",""ROLE_ADMIN"",""ROLE_AUTHOR""]",Hanny,Fernandez
637,avonderemptenho@prweb.com,TqdYL0DN50,"[""ROLE_USER"",""ROLE_ADMIN"",""ROLE_AUTHOR""]",Adiana,Von Der Empten
638,abenedictehp@shareasale.com,QP77bv,"[""ROLE_USER"",""ROLE_ADMIN"",""ROLE_AUTHOR""]",Adella,Benedicte
639,marundellhq@pbs.org,4ca0vP,"[""ROLE_USER"",""ROLE_ADMIN"",""ROLE_AUTHOR""]",Mead,Arundell
640,freedmanhr@boston.com,hrlXoaStMpc,"[""ROLE_USER"",""ROLE_ADMIN"",""ROLE_AUTHOR""]",Fabiano,Reedman
641,jmanuelhs@flavors.me,kcQg9DJmpJYS,"[""ROLE_USER"",""ROLE_ADMIN"",""ROLE_AUTHOR""]",Janina,Manuel
642,ehamht@ustream.tv,Xoim3e,"[""ROLE_USER"",""ROLE_ADMIN"",""ROLE_AUTHOR""]",Eduino,Ham
643,icanfieldhu@github.com,19tyvQHbUoU,"[""ROLE_USER"",""ROLE_ADMIN"",""ROLE_AUTHOR""]",Ilaire,Canfield
644,jangovehv@1und1.de,0Q4v8F,"[""ROLE_USER"",""ROLE_ADMIN"",""ROLE_AUTHOR""]",Jamil,Angove
645,cskeathhw@umn.edu,qSU4ifnfL24v,"[""ROLE_USER"",""ROLE_ADMIN""]",Carmella,Skeath
646,acicceralehx@independent.co.uk,elhLvb,"[""ROLE_USER"",""ROLE_ADMIN"",""ROLE_AUTHOR""]",Allyson,Ciccerale
647,cgunstonhy@amazon.de,Q7JxOs,"[""ROLE_USER"",""ROLE_ADMIN"",""ROLE_AUTHOR""]",Corabel,Gunston
648,ctinceyhz@narod.ru,ErVx1duF,"[""ROLE_USER"",""ROLE_ADMIN"",""ROLE_AUTHOR""]",Cherie,Tincey
649,ebalinei0@nba.com,FVsuTDMDHO,"[""ROLE_USER"",""ROLE_ADMIN""]",Edlin,Baline
650,tjurgeni1@yandex.ru,q8LYH8KFZB,"[""ROLE_USER"",""ROLE_AUTHOR""]",Tuck,Jurgen
651,cfosberryi2@creativecommons.org,OA3IonAW,"[""ROLE_USER"",""ROLE_ADMIN"",""ROLE_AUTHOR""]",Christie,Fosberry
652,cclusei3@wsj.com,EeJN6FC9,"[""ROLE_USER"",""ROLE_AUTHOR""]",Cornela,Cluse
653,mshoutei4@examiner.com,U8FSqgcTliJ2,"[""ROLE_USER"",""ROLE_ADMIN"",""ROLE_AUTHOR""]",Malinde,Shoute
654,mhuffeyi5@state.tx.us,b56XKOwl,"[""ROLE_USER""]",Millie,Huffey
655,dbecarrai6@bigcartel.com,oriq0Raia,"[""ROLE_USER"",""ROLE_ADMIN"",""ROLE_AUTHOR""]",Duky,Becarra
656,cschimpkei7@amazon.de,54WMnSbCCH0,"[""ROLE_USER"",""ROLE_ADMIN"",""ROLE_AUTHOR""]",Corri,Schimpke
657,kfrickeyi8@e-recht24.de,15b1kxqs2DOD,"[""ROLE_USER"",""ROLE_ADMIN"",""ROLE_AUTHOR""]",Kasper,Frickey
658,jyardi9@ftc.gov,bV5tfK4,"[""ROLE_USER"",""ROLE_AUTHOR""]",Johnna,Yard
659,tstrevensia@homestead.com,kLsICgV,"[""ROLE_USER"",""ROLE_AUTHOR""]",Tory,Strevens
660,mdaingerfieldib@vk.com,UxfFEQbA,"[""ROLE_USER"",""ROLE_ADMIN"",""ROLE_AUTHOR""]",Micaela,Daingerfield
661,eaingeic@csmonitor.com,MKmHH1LYa,"[""ROLE_USER"",""ROLE_AUTHOR""]",Emmalynn,Ainge
662,blittledykeid@icq.com,hAN8M1tiU1y,"[""ROLE_USER"",""ROLE_ADMIN"",""ROLE_AUTHOR""]",Brandie,Littledyke
663,tbernardonie@illinois.edu,QhuvSIP2dN2,"[""ROLE_USER"",""ROLE_AUTHOR""]",Tamar,Bernardon
664,ptwinbourneif@hao123.com,Y08Yhp514JS8,"[""ROLE_USER"",""ROLE_AUTHOR""]",Pooh,Twinbourne
665,mfarnieig@moonfruit.com,rSgfrOC8,"[""ROLE_USER"",""ROLE_ADMIN"",""ROLE_AUTHOR""]",Missie,Farnie
666,mashmentih@biblegateway.com,pFrL2ZBx,"[""ROLE_USER"",""ROLE_ADMIN"",""ROLE_AUTHOR""]",Martino,Ashment
667,lmcmullenii@nhs.uk,v8EKiG82J,"[""ROLE_USER"",""ROLE_AUTHOR""]",Lucky,McMullen
668,amclugishij@themeforest.net,TrsPoQU15,"[""ROLE_USER"",""ROLE_ADMIN"",""ROLE_AUTHOR""]",Arnuad,McLugish
669,gaxworthyik@constantcontact.com,EMS988E,"[""ROLE_USER"",""ROLE_ADMIN"",""ROLE_AUTHOR""]",Georg,Axworthy
670,gmontelil@nhs.uk,VwDASl,"[""ROLE_USER"",""ROLE_ADMIN""]",Gillie,Montel
671,amorriceim@youku.com,1QYcv2qnvv,"[""ROLE_USER"",""ROLE_ADMIN""]",Addia,Morrice
672,wgrevesin@xrea.com,uTV4Eywe7Of,"[""ROLE_USER"",""ROLE_ADMIN"",""ROLE_AUTHOR""]",Wyndham,Greves
673,rlydfordio@booking.com,YPZxwmSV,"[""ROLE_USER"",""ROLE_ADMIN"",""ROLE_AUTHOR""]",Roanna,Lydford
674,kdizlieip@hp.com,YEtAEUlkWVlS,"[""ROLE_USER"",""ROLE_ADMIN""]",Kiley,Dizlie
675,wblackalliq@google.ru,VLSiNMEHNeNJ,"[""ROLE_USER"",""ROLE_ADMIN"",""ROLE_AUTHOR""]",Wallie,Blackall
676,fsmewingir@rakuten.co.jp,04WggriJr9In,"[""ROLE_USER""]",Fredi,Smewing
677,jblaxteris@networksolutions.com,u93QEgU1jhBm,"[""ROLE_USER"",""ROLE_ADMIN"",""ROLE_AUTHOR""]",Jud,Blaxter
678,spaulinit@theguardian.com,FWpfvR,"[""ROLE_USER"",""ROLE_ADMIN""]",Sherwood,Paulin
679,smurphyiu@google.co.jp,LCk6KmlCR,"[""ROLE_USER"",""ROLE_AUTHOR""]",Sancho,Murphy
680,gcrudeniv@macromedia.com,0UmhxEfpmp,"[""ROLE_USER"",""ROLE_AUTHOR""]",Garrik,Cruden
681,bglanderiw@reddit.com,envsSGksJgu,"[""ROLE_USER"",""ROLE_ADMIN"",""ROLE_AUTHOR""]",Bordy,Glander
682,jpengillyix@webeden.co.uk,M4vgNrSk,"[""ROLE_USER"",""ROLE_ADMIN"",""ROLE_AUTHOR""]",Jemmie,Pengilly
683,ecatlowiy@un.org,wxk4dwrWVbE,"[""ROLE_USER"",""ROLE_ADMIN"",""ROLE_AUTHOR""]",Emelyne,Catlow
684,gmcwhinnieiz@alibaba.com,SLYxq2k,"[""ROLE_USER"",""ROLE_ADMIN"",""ROLE_AUTHOR""]",Glynda,McWhinnie
685,paimericj0@reverbnation.com,CVgy9iQD,"[""ROLE_USER"",""ROLE_AUTHOR""]",Prudence,Aimeric
686,bmaricj1@elpais.com,78ZbJ1IRe,"[""ROLE_USER"",""ROLE_ADMIN""]",Breanne,Maric
687,csomersj2@bigcartel.com,7qemI1QmLd,"[""ROLE_USER"",""ROLE_AUTHOR""]",Chet,Somers
688,mthiesej3@oracle.com,8VwAEa,"[""ROLE_USER"",""ROLE_ADMIN"",""ROLE_AUTHOR""]",Mackenzie,Thiese
689,lfeelyj4@squidoo.com,rBbpFnqGC3dV,"[""ROLE_USER""]",Levin,Feely
690,dswappj5@wordpress.org,5ONyWwWho,"[""ROLE_USER"",""ROLE_ADMIN"",""ROLE_AUTHOR""]",Donnajean,Swapp
691,ademichelej6@behance.net,Q88ZU2,"[""ROLE_USER"",""ROLE_ADMIN"",""ROLE_AUTHOR""]",Ainslee,De Michele
692,wtraitej7@youtu.be,iz92eEA9hy,"[""ROLE_USER"",""ROLE_ADMIN"",""ROLE_AUTHOR""]",Worth,Traite
693,lstowj8@europa.eu,9T5zhP8i,"[""ROLE_USER"",""ROLE_AUTHOR""]",Lorettalorna,Stow
694,dstowerj9@apache.org,0idEGBMv,"[""ROLE_USER"",""ROLE_ADMIN""]",David,Stower
695,eklagemanja@domainmarket.com,VOy92Kx0wlM,"[""ROLE_USER"",""ROLE_AUTHOR""]",Elijah,Klageman
696,cfranciolijb@hibu.com,2LXwNsvwm6WO,"[""ROLE_USER"",""ROLE_ADMIN"",""ROLE_AUTHOR""]",Celle,Francioli
697,lwoofendenjc@storify.com,8oOgBfyG,"[""ROLE_USER"",""ROLE_ADMIN"",""ROLE_AUTHOR""]",Lynde,Woofenden
698,mkleinbererjd@google.ca,KscKnJ,"[""ROLE_USER""]",Mufi,Kleinberer
699,lfradgleyje@shutterfly.com,IkNFsZ,"[""ROLE_USER""]",Lezlie,Fradgley
700,nsandyjf@jugem.jp,hbiaoccb,"[""ROLE_USER"",""ROLE_AUTHOR""]",Norma,Sandy
701,acairdjg@japanpost.jp,mGejC2yiXq,"[""ROLE_USER"",""ROLE_ADMIN"",""ROLE_AUTHOR""]",Adina,Caird
702,sstenettjh@w3.org,7RxhXuL9,"[""ROLE_USER""]",Sena,Stenett
703,nbrigshawji@reverbnation.com,0YRysxuGGf,"[""ROLE_USER"",""ROLE_ADMIN"",""ROLE_AUTHOR""]",Nicolle,Brigshaw
704,agludorjj@cbc.ca,Wdotm0DMlD,"[""ROLE_USER"",""ROLE_AUTHOR""]",Amargo,Gludor
705,gemlenjk@pbs.org,PcGhvo5nB,"[""ROLE_USER"",""ROLE_AUTHOR""]",Gregorio,Emlen
706,gcollisonjl@dmoz.org,X4qSVabs7,"[""ROLE_USER""]",Glen,Collison
707,bwildsjm@wp.com,zlKnJ7,"[""ROLE_USER"",""ROLE_AUTHOR""]",Brena,Wilds
708,ksprakejn@un.org,21rfAAYSI,"[""ROLE_USER"",""ROLE_ADMIN"",""ROLE_AUTHOR""]",Kareem,Sprake
709,kfulbrookjo@nature.com,BvuwVWNYyn2,"[""ROLE_USER"",""ROLE_ADMIN"",""ROLE_AUTHOR""]",Kally,Fulbrook
710,lcallenjp@archive.org,oiKp5Wu,"[""ROLE_USER"",""ROLE_ADMIN""]",Luca,Callen
711,eotoolejq@unblog.fr,VWhlZbsF,"[""ROLE_USER"",""ROLE_AUTHOR""]",Englebert,O'Toole
712,gmorduejr@jimdo.com,JmNYF0apl44,"[""ROLE_USER"",""ROLE_ADMIN"",""ROLE_AUTHOR""]",Glenda,Mordue
713,lwhottonjs@plala.or.jp,75kDhg,"[""ROLE_USER"",""ROLE_ADMIN"",""ROLE_AUTHOR""]",Lisabeth,Whotton
714,efeehilyjt@so-net.ne.jp,FDvIs7V7SZv,"[""ROLE_USER"",""ROLE_ADMIN"",""ROLE_AUTHOR""]",Ernst,Feehily
715,agoareju@example.com,lLP8qzbH1,"[""ROLE_USER"",""ROLE_ADMIN"",""ROLE_AUTHOR""]",Auroora,Goare
716,abrigstockjv@bbb.org,bHqOQWCZysn,"[""ROLE_USER"",""ROLE_ADMIN"",""ROLE_AUTHOR""]",Adrea,Brigstock
717,aparkinsjw@chicagotribune.com,NHaH2WcinT,"[""ROLE_USER"",""ROLE_ADMIN"",""ROLE_AUTHOR""]",Allene,Parkins
718,anoteyoungjx@seattletimes.com,27ioEz2bJJDa,"[""ROLE_USER"",""ROLE_ADMIN"",""ROLE_AUTHOR""]",Araldo,Noteyoung
719,heasterlingjy@networksolutions.com,fw76xghpv,"[""ROLE_USER"",""ROLE_ADMIN"",""ROLE_AUTHOR""]",Helen,Easterling
720,kvauterjz@bizjournals.com,YBxaBxFYi2,"[""ROLE_USER"",""ROLE_ADMIN"",""ROLE_AUTHOR""]",Kennith,Vauter
721,tcockk0@independent.co.uk,Zm63Goy,"[""ROLE_USER""]",Tab,Cock
722,ghannabusk1@independent.co.uk,G3kIvK,"[""ROLE_USER"",""ROLE_ADMIN""]",Gerrie,Hannabus
723,stubbsk2@redcross.org,3uKAN8,"[""ROLE_USER"",""ROLE_ADMIN"",""ROLE_AUTHOR""]",Sol,Tubbs
724,agagesk3@usa.gov,vctaP4o2HBkA,"[""ROLE_USER"",""ROLE_ADMIN"",""ROLE_AUTHOR""]",Alejandro,Gages
725,dlubyk4@telegraph.co.uk,STw4MNG,"[""ROLE_USER"",""ROLE_ADMIN"",""ROLE_AUTHOR""]",Dyna,Luby
726,ccarlonk5@admin.ch,ot0Udm,"[""ROLE_USER"",""ROLE_ADMIN"",""ROLE_AUTHOR""]",Clementina,Carlon
727,tfurmengerk6@alibaba.com,cRIM42i9,"[""ROLE_USER"",""ROLE_ADMIN"",""ROLE_AUTHOR""]",Teresita,Furmenger
728,krobetk7@amazon.de,ZOIQ7PlCd,"[""ROLE_USER"",""ROLE_AUTHOR""]",Killy,Robet
729,rmurrowk8@purevolume.com,gKkj1mccG,"[""ROLE_USER"",""ROLE_ADMIN""]",Rockie,Murrow
730,mrichardssonk9@cornell.edu,4OpJaoaaPJH,"[""ROLE_USER"",""ROLE_ADMIN"",""ROLE_AUTHOR""]",Merv,Richardsson
731,glivingstoneka@walmart.com,vsCGEPkBf,"[""ROLE_USER"",""ROLE_ADMIN"",""ROLE_AUTHOR""]",Gino,Livingstone
732,vtremmilkb@1und1.de,c6GWUN,"[""ROLE_USER"",""ROLE_ADMIN"",""ROLE_AUTHOR""]",Valida,Tremmil
733,rwyllcockskc@fotki.com,L2GolgB,"[""ROLE_USER"",""ROLE_AUTHOR""]",Ricky,Wyllcocks
734,fcleghornkd@123-reg.co.uk,4M54v6DxHH,"[""ROLE_USER"",""ROLE_AUTHOR""]",Freddie,Cleghorn
735,korgeeke@cnbc.com,bmcKkcF7D0z,"[""ROLE_USER"",""ROLE_ADMIN"",""ROLE_AUTHOR""]",Kaiser,Orgee
736,sdefewkf@free.fr,rEZr2mAoh9b,"[""ROLE_USER""]",Selig,De Few
737,hreisinkg@weebly.com,GRLPnOjY,"[""ROLE_USER"",""ROLE_AUTHOR""]",Hirsch,Reisin
738,wkitchingkh@moonfruit.com,8GamAslt,"[""ROLE_USER"",""ROLE_ADMIN"",""ROLE_AUTHOR""]",Wilona,Kitching
739,klountki@phoca.cz,g0hjsbw,"[""ROLE_USER"",""ROLE_ADMIN"",""ROLE_AUTHOR""]",Kelly,Lount
740,ebortoluttikj@opensource.org,hy2R5S,"[""ROLE_USER"",""ROLE_ADMIN"",""ROLE_AUTHOR""]",Ezri,Bortolutti
741,mformiglikk@ebay.com,1CCbuMe8ssEj,"[""ROLE_USER"",""ROLE_AUTHOR""]",Marthe,Formigli
742,ggreepkl@twitter.com,GlfrPjxV,"[""ROLE_USER"",""ROLE_ADMIN"",""ROLE_AUTHOR""]",Gale,Greep
743,shaykm@studiopress.com,SfhAsPclC,"[""ROLE_USER"",""ROLE_ADMIN"",""ROLE_AUTHOR""]",Sigrid,Hay
744,sdouriskn@wix.com,tHcfkMuoJ9x2,"[""ROLE_USER"",""ROLE_AUTHOR""]",Shelba,Douris
745,ggrishinko@ovh.net,DUhnU42CjXF,"[""ROLE_USER"",""ROLE_ADMIN"",""ROLE_AUTHOR""]",Gibby,Grishin
746,mhaysarkp@photobucket.com,qY26K0ronb5,"[""ROLE_USER"",""ROLE_ADMIN"",""ROLE_AUTHOR""]",Manfred,Haysar
747,mspensleykq@dion.ne.jp,3q91LVy3Gs,"[""ROLE_USER"",""ROLE_ADMIN""]",Mirelle,Spensley
748,akettemankr@cam.ac.uk,8BqrYvWX,"[""ROLE_USER"",""ROLE_AUTHOR""]",Atalanta,Ketteman
749,nkerwinks@etsy.com,GDEvzQv5kobk,"[""ROLE_USER"",""ROLE_AUTHOR""]",Nanine,Kerwin
750,ebruntkt@google.com.hk,Mrijxd4bkM,"[""ROLE_USER"",""ROLE_ADMIN"",""ROLE_AUTHOR""]",Elisha,Brunt
751,sprestwichku@printfriendly.com,lsH8tg,"[""ROLE_USER"",""ROLE_AUTHOR""]",Sullivan,Prestwich
752,bigglesdenkv@last.fm,taYExZc5nwT,"[""ROLE_USER"",""ROLE_AUTHOR""]",Borg,Igglesden
753,msomerskw@arizona.edu,r9Ez5VTz,"[""ROLE_USER"",""ROLE_ADMIN"",""ROLE_AUTHOR""]",Matti,Somers
754,gmcvittykx@hhs.gov,dfMvQFGhd,"[""ROLE_USER""]",Glynis,McVitty
755,awetternky@wsj.com,WD06sl,"[""ROLE_USER"",""ROLE_AUTHOR""]",Averil,Wettern
756,pgumleykz@vinaora.com,Ym4vdQ8RW3,"[""ROLE_USER"",""ROLE_ADMIN"",""ROLE_AUTHOR""]",Peadar,Gumley
757,sfayel0@acquirethisname.com,gxpQEKaCkzt,"[""ROLE_USER"",""ROLE_ADMIN"",""ROLE_AUTHOR""]",Sergio,Faye
758,tvillaltal1@blogspot.com,56CT3h,"[""ROLE_USER""]",Tad,Villalta
759,mtannl2@over-blog.com,HDo100A1,"[""ROLE_USER""]",Mikael,Tann
760,cnaishl3@imdb.com,Eq0Q4f65vMZ,"[""ROLE_USER"",""ROLE_ADMIN"",""ROLE_AUTHOR""]",Carlina,Naish
761,rspinckel4@furl.net,0uiZl1m8DoA,"[""ROLE_USER"",""ROLE_ADMIN"",""ROLE_AUTHOR""]",Raymond,Spincke
762,mmethingaml5@dailymotion.com,BXKpFt,"[""ROLE_USER"",""ROLE_ADMIN"",""ROLE_AUTHOR""]",Merry,Methingam
763,gdorel6@tamu.edu,FRuLmVpHwL,"[""ROLE_USER""]",Gennie,Dore
764,cdaggerl7@is.gd,GSHFiWs,"[""ROLE_USER"",""ROLE_ADMIN""]",Christy,Dagger
765,rbaldryl8@eventbrite.com,r7eSrk,"[""ROLE_USER"",""ROLE_ADMIN""]",Raf,Baldry
766,fcocklingl9@seattletimes.com,m37UzNhLaU,"[""ROLE_USER""]",Fulton,Cockling
767,kprayla@bandcamp.com,wURTsg,"[""ROLE_USER"",""ROLE_ADMIN"",""ROLE_AUTHOR""]",Kass,Pray
768,pcreechlb@netlog.com,SCi6vJw,"[""ROLE_USER"",""ROLE_ADMIN"",""ROLE_AUTHOR""]",Payton,Creech
769,rfarringtonlc@e-recht24.de,V8dun62QrzX0,"[""ROLE_USER"",""ROLE_ADMIN"",""ROLE_AUTHOR""]",Rolph,Farrington
770,lcrabbeld@discuz.net,5GfDEtsmS,"[""ROLE_USER""]",Leicester,Crabbe
771,mbutlandle@cnn.com,hD8Og4RXLjbl,"[""ROLE_USER"",""ROLE_ADMIN"",""ROLE_AUTHOR""]",Melodee,Butland
772,rwynrehamelf@economist.com,5zEvV15lD,"[""ROLE_USER""]",Rickard,Wynrehame
773,acuvleylg@unesco.org,fhBTGH9fP,"[""ROLE_USER"",""ROLE_ADMIN"",""ROLE_AUTHOR""]",Audi,Cuvley
774,jberrlh@altervista.org,zFFqtJl3Yv,"[""ROLE_USER"",""ROLE_ADMIN"",""ROLE_AUTHOR""]",Jamal,Berr
775,ibarkesli@de.vu,7clyboFDtN,"[""ROLE_USER"",""ROLE_ADMIN""]",Inessa,Barkes
776,arizzardilj@washington.edu,g0Z4zIvb09m,"[""ROLE_USER""]",Annaliese,Rizzardi
777,lseatterlk@oakley.com,UKJ47fbu0,"[""ROLE_USER"",""ROLE_ADMIN"",""ROLE_AUTHOR""]",Loralie,Seatter
778,mritzmanll@yelp.com,9jOO7Uu6,"[""ROLE_USER"",""ROLE_ADMIN"",""ROLE_AUTHOR""]",Mellisa,Ritzman
779,ohubbucklm@wordpress.org,QO07Pqg3Cvm,"[""ROLE_USER"",""ROLE_ADMIN"",""ROLE_AUTHOR""]",Oliver,Hubbuck
780,mshimukln@blogger.com,lQPJQjG,"[""ROLE_USER"",""ROLE_ADMIN"",""ROLE_AUTHOR""]",Melania,Shimuk
781,emcnirlanlo@stumbleupon.com,kGVMamQ59LN,"[""ROLE_USER"",""ROLE_ADMIN"",""ROLE_AUTHOR""]",Electra,McNirlan
782,bphilottlp@hp.com,NvSAWu7tZC,"[""ROLE_USER"",""ROLE_ADMIN"",""ROLE_AUTHOR""]",Bonnee,Philott
783,kdeverilllq@kickstarter.com,8CPdbJ3,"[""ROLE_USER""]",Keith,Deverill
784,etealelr@about.com,cWecyJo,"[""ROLE_USER"",""ROLE_AUTHOR""]",Edgard,Teale
785,ckerssls@deviantart.com,squRvj,"[""ROLE_USER""]",Cristy,Kerss
786,jbevenlt@patch.com,ybkOk2M,"[""ROLE_USER"",""ROLE_AUTHOR""]",Johann,Beven
787,vmyerscoughlu@princeton.edu,Eye5tv,"[""ROLE_USER"",""ROLE_ADMIN"",""ROLE_AUTHOR""]",Vitoria,Myerscough
788,agreenheadlv@edublogs.org,xNL7jJ6dzd9,"[""ROLE_USER"",""ROLE_AUTHOR""]",Anthiathia,Greenhead
789,scolliberlw@barnesandnoble.com,EhS1jIWbaR,"[""ROLE_USER"",""ROLE_ADMIN"",""ROLE_AUTHOR""]",Sioux,Colliber
790,gbignoldlx@skype.com,rvqtdcmlhIb,"[""ROLE_USER"",""ROLE_ADMIN"",""ROLE_AUTHOR""]",Giselle,Bignold
791,cgudginly@bbc.co.uk,bqzVuH,"[""ROLE_USER""]",Courtney,Gudgin
792,cgoldinglz@csmonitor.com,C1fBjvnOFj,"[""ROLE_USER""]",Catharina,Golding
793,kkarolyim0@paginegialle.it,RrmYIZqz3,"[""ROLE_USER"",""ROLE_AUTHOR""]",Kim,Karolyi
794,rlinleym1@yandex.ru,O6EBol7ih,"[""ROLE_USER"",""ROLE_ADMIN""]",Raf,Linley
795,nlodgem2@mail.ru,BT62yiBsF,"[""ROLE_USER""]",Natty,Lodge
796,dgoggenm3@slideshare.net,y9fDOb,"[""ROLE_USER"",""ROLE_ADMIN"",""ROLE_AUTHOR""]",Donovan,Goggen
797,tceillierm4@tripadvisor.com,TGFKVCqZZO,"[""ROLE_USER"",""ROLE_ADMIN"",""ROLE_AUTHOR""]",Tabitha,Ceillier
798,lnelanem5@elegantthemes.com,rorDriLU7,"[""ROLE_USER"",""ROLE_AUTHOR""]",Leonidas,Nelane
799,jdowntonm6@gmpg.org,q7NgAesl4e,"[""ROLE_USER"",""ROLE_ADMIN"",""ROLE_AUTHOR""]",Jesselyn,Downton
800,gmarleym7@ning.com,QfIBpqKtw,"[""ROLE_USER"",""ROLE_ADMIN"",""ROLE_AUTHOR""]",Garvin,Marley
801,gpembrym8@shinystat.com,D6KCjf0RVLQT,"[""ROLE_USER"",""ROLE_ADMIN"",""ROLE_AUTHOR""]",Germana,Pembry
802,abettridgem9@shareasale.com,XTqBFXmmw8H,"[""ROLE_USER"",""ROLE_AUTHOR""]",Aili,Bettridge
803,kleaknerma@wordpress.org,ltSQawIG,"[""ROLE_USER"",""ROLE_AUTHOR""]",Kipper,Leakner
804,cdesbrowmb@twitpic.com,c3gIca,"[""ROLE_USER"",""ROLE_ADMIN""]",Coraline,Desbrow
805,lpickeringmc@uol.com.br,Ej9hygi6,"[""ROLE_USER"",""ROLE_AUTHOR""]",Liv,Pickering
806,cbrodymd@gnu.org,HqPGju7iog,"[""ROLE_USER"",""ROLE_ADMIN""]",Craggie,Brody
807,kvigorsme@seesaa.net,bABhlN0,"[""ROLE_USER"",""ROLE_ADMIN""]",Kalie,Vigors
808,ncarlensmf@fastcompany.com,MXEjf5,"[""ROLE_USER"",""ROLE_ADMIN"",""ROLE_AUTHOR""]",Nevile,Carlens
809,lgeindremg@umich.edu,opRjzwgKjrN,"[""ROLE_USER"",""ROLE_ADMIN"",""ROLE_AUTHOR""]",Lucius,Geindre
810,ncleverlymh@ameblo.jp,BzgJcvq,"[""ROLE_USER"",""ROLE_ADMIN""]",Nancey,Cleverly
811,lscaddingmi@wsj.com,uIXm41D,"[""ROLE_USER"",""ROLE_ADMIN"",""ROLE_AUTHOR""]",Lotty,Scadding
812,lvernymj@bizjournals.com,AWnLZuMLpj,"[""ROLE_USER"",""ROLE_AUTHOR""]",Laura,Verny
813,cosgardbymk@wunderground.com,iIbMQfi334yH,"[""ROLE_USER"",""ROLE_ADMIN"",""ROLE_AUTHOR""]",Casper,Osgardby
814,akensetml@geocities.com,YEt2bQ2tE0iS,"[""ROLE_USER"",""ROLE_ADMIN"",""ROLE_AUTHOR""]",Aundrea,Kenset
815,utawnmm@sfgate.com,5uTE8grw,"[""ROLE_USER"",""ROLE_ADMIN"",""ROLE_AUTHOR""]",Una,Tawn
816,qgladmanmn@freewebs.com,RWEnHfl4dBL,"[""ROLE_USER"",""ROLE_ADMIN"",""ROLE_AUTHOR""]",Quinta,Gladman
817,dmyottmo@europa.eu,TwpYHIyJ,"[""ROLE_USER"",""ROLE_ADMIN"",""ROLE_AUTHOR""]",Doretta,Myott
818,dcodronmp@google.ca,VzYpmNdM,"[""ROLE_USER"",""ROLE_ADMIN""]",Denis,Codron
819,vstreatfieldmq@tamu.edu,EggYRuxtza,"[""ROLE_USER"",""ROLE_ADMIN"",""ROLE_AUTHOR""]",Vally,Streatfield
820,lhoppnermr@netvibes.com,XzLhWx,"[""ROLE_USER"",""ROLE_ADMIN"",""ROLE_AUTHOR""]",Laurette,Hoppner
821,ecrepinms@usnews.com,2n3cJuyIY9,"[""ROLE_USER"",""ROLE_ADMIN"",""ROLE_AUTHOR""]",Ervin,Crepin
822,gpodburymt@soup.io,zAkf0ktso6Im,"[""ROLE_USER"",""ROLE_ADMIN"",""ROLE_AUTHOR""]",Giff,Podbury
823,bsimminsmu@qq.com,ZWbU66Rs,"[""ROLE_USER"",""ROLE_ADMIN"",""ROLE_AUTHOR""]",Blair,Simmins
824,pleasonmv@smh.com.au,p5ZP8d,"[""ROLE_USER""]",Paule,Leason
825,jphilipotmw@ning.com,DBhlfO,"[""ROLE_USER"",""ROLE_ADMIN""]",Judon,Philipot
826,oernimx@mayoclinic.com,97qartZI,"[""ROLE_USER"",""ROLE_ADMIN"",""ROLE_AUTHOR""]",Oralie,Erni
827,apeerlessmy@wufoo.com,2iTRois,"[""ROLE_USER"",""ROLE_ADMIN""]",Andonis,Peerless
828,kmacallanmz@istockphoto.com,hbNc0fz,"[""ROLE_USER"",""ROLE_AUTHOR""]",Kipp,MacAllan
829,ctamplinn0@cam.ac.uk,tUQIgd,"[""ROLE_USER"",""ROLE_ADMIN"",""ROLE_AUTHOR""]",Cristiano,Tamplin
830,sspinken1@constantcontact.com,kR5bLm,"[""ROLE_USER"",""ROLE_ADMIN"",""ROLE_AUTHOR""]",Salomon,Spinke
831,alathwoodn2@de.vu,i2ww642r,"[""ROLE_USER"",""ROLE_ADMIN"",""ROLE_AUTHOR""]",Annabella,Lathwood
832,cbowchern3@sohu.com,zI1rG1VW5F4,"[""ROLE_USER"",""ROLE_AUTHOR""]",Cordey,Bowcher
833,cdronn4@ask.com,gRm1Bg,"[""ROLE_USER"",""ROLE_ADMIN"",""ROLE_AUTHOR""]",Colman,Dron
834,ebossonn5@nba.com,ShTHAdRSTvP,"[""ROLE_USER"",""ROLE_AUTHOR""]",Etty,Bosson
835,mkenrackn6@cbc.ca,w7DIZrcmci,"[""ROLE_USER"",""ROLE_AUTHOR""]",Marian,Kenrack
836,skahanen7@nsw.gov.au,ClQNX5HhcR,"[""ROLE_USER"",""ROLE_AUTHOR""]",Shandie,Kahane
837,pdavittn8@icio.us,YPLmiQ,"[""ROLE_USER"",""ROLE_AUTHOR""]",Phylis,Davitt
838,echasteln9@hexun.com,XFcitK1,"[""ROLE_USER"",""ROLE_AUTHOR""]",Ellie,Chastel
839,waersna@japanpost.jp,gHI54DCRK5,"[""ROLE_USER"",""ROLE_AUTHOR""]",Wilma,Aers
840,switznb@naver.com,hBN1Sfe,"[""ROLE_USER"",""ROLE_AUTHOR""]",Sancho,Witz
841,crandnc@reference.com,6Tw7V0dU4Wo,"[""ROLE_USER"",""ROLE_ADMIN"",""ROLE_AUTHOR""]",Chandal,Rand
842,srandnd@usda.gov,EHUBUM8,"[""ROLE_USER"",""ROLE_AUTHOR""]",Stormi,Rand
843,nmoyne@flickr.com,wpxu2t8,"[""ROLE_USER"",""ROLE_AUTHOR""]",Nathaniel,Moy
844,kgoodletnf@apache.org,8auRNp,"[""ROLE_USER"",""ROLE_ADMIN"",""ROLE_AUTHOR""]",Kalie,Goodlet
845,awolffersng@vimeo.com,jmOWIZsf,"[""ROLE_USER"",""ROLE_ADMIN"",""ROLE_AUTHOR""]",Adriane,Wolffers
846,eitscowicsnh@squidoo.com,Cr01R7vvxMgE,"[""ROLE_USER"",""ROLE_ADMIN"",""ROLE_AUTHOR""]",Ethelbert,Itscowics
847,lbatterbeeni@hugedomains.com,S7agjr1,"[""ROLE_USER"",""ROLE_ADMIN""]",Lettie,Batterbee
848,iventuranj@virginia.edu,OXOMLt72kV6H,"[""ROLE_USER"",""ROLE_ADMIN"",""ROLE_AUTHOR""]",Ivy,Ventura
849,mbrothertonnk@merriam-webster.com,rRqG4C,"[""ROLE_USER"",""ROLE_AUTHOR""]",Michelina,Brotherton
850,kmatusnl@zimbio.com,PRy4QGXu8g,"[""ROLE_USER"",""ROLE_ADMIN"",""ROLE_AUTHOR""]",Kevina,Matus
851,zmortennm@wsj.com,a8pG3F77,"[""ROLE_USER"",""ROLE_ADMIN""]",Zack,Morten
852,sbrockienn@ow.ly,FLtSkQ,"[""ROLE_USER"",""ROLE_AUTHOR""]",Selie,Brockie
853,mharpurno@etsy.com,m8a6Xj,"[""ROLE_USER"",""ROLE_AUTHOR""]",Maiga,Harpur
854,eharvattnp@reverbnation.com,tspI4bzDS,"[""ROLE_USER"",""ROLE_AUTHOR""]",Edgard,Harvatt
855,esydenhamnq@usa.gov,2SC2k2I,"[""ROLE_USER"",""ROLE_AUTHOR""]",Emmalynne,Sydenham
856,corthmannnr@freewebs.com,4JNd0uG0bbkd,"[""ROLE_USER"",""ROLE_ADMIN"",""ROLE_AUTHOR""]",Ciro,Orthmann
857,dlucions@livejournal.com,uLJrjd0,"[""ROLE_USER"",""ROLE_ADMIN""]",Davin,Lucio
858,lmamwellnt@newyorker.com,smgxKTFRn,"[""ROLE_USER"",""ROLE_ADMIN"",""ROLE_AUTHOR""]",Lorenza,Mamwell
859,bneubiggingnu@etsy.com,trIES8v,"[""ROLE_USER"",""ROLE_ADMIN""]",Bevan,Neubigging
860,bogdennv@vimeo.com,UBYtCKcvIk8,"[""ROLE_USER"",""ROLE_ADMIN"",""ROLE_AUTHOR""]",Bettine,Ogden
861,fsictornesnw@alibaba.com,tWvsCIM5F10h,"[""ROLE_USER"",""ROLE_ADMIN"",""ROLE_AUTHOR""]",Fanechka,Sictornes
862,fslatefordnx@ning.com,kB6Srtp,"[""ROLE_USER"",""ROLE_ADMIN"",""ROLE_AUTHOR""]",Fern,Slateford
863,bmurthwaiteny@mapy.cz,BmmChnP3lh,"[""ROLE_USER"",""ROLE_ADMIN"",""ROLE_AUTHOR""]",Berty,Murthwaite
864,rbrundlenz@weebly.com,10H6vwr,"[""ROLE_USER"",""ROLE_AUTHOR""]",Rafi,Brundle
865,dcookseyo0@slideshare.net,pL2uqo,"[""ROLE_USER"",""ROLE_ADMIN""]",Debra,Cooksey
866,paxono1@tripod.com,YgC0WzX80,"[""ROLE_USER""]",Prisca,Axon
867,kmincio2@cloudflare.com,rfWCMXDMz,"[""ROLE_USER"",""ROLE_ADMIN"",""ROLE_AUTHOR""]",Konstantin,Minci
868,jlibreroso3@sphinn.com,bPD0V6yq,"[""ROLE_USER"",""ROLE_AUTHOR""]",Jervis,Libreros
869,agoodissono4@msu.edu,pyuUYjso,"[""ROLE_USER"",""ROLE_ADMIN"",""ROLE_AUTHOR""]",Aleta,Goodisson
870,asnowmano5@msu.edu,5KquBtrlFLG6,"[""ROLE_USER"",""ROLE_ADMIN"",""ROLE_AUTHOR""]",Alanson,Snowman
871,rjarretto6@wikispaces.com,lPek5ldEpU,"[""ROLE_USER"",""ROLE_ADMIN"",""ROLE_AUTHOR""]",Rancell,Jarrett
872,mocrigano7@icq.com,UWpYeIbOOK,"[""ROLE_USER""]",Mable,O'Crigan
873,dgirardo8@unesco.org,OOMrb4,"[""ROLE_USER"",""ROLE_ADMIN"",""ROLE_AUTHOR""]",Deeyn,Girard
874,mculrosso9@alibaba.com,QWtIrkk,"[""ROLE_USER"",""ROLE_ADMIN""]",Melicent,Culross
875,bgorgloa@narod.ru,yHioVe8spmv,"[""ROLE_USER"",""ROLE_ADMIN"",""ROLE_AUTHOR""]",Brice,Gorgl
876,fscoreyob@biblegateway.com,dYol0ZSjf,"[""ROLE_USER"",""ROLE_ADMIN"",""ROLE_AUTHOR""]",Frank,Scorey
877,clavingtonoc@kickstarter.com,xRQT96XrFNPQ,"[""ROLE_USER"",""ROLE_ADMIN"",""ROLE_AUTHOR""]",Codie,Lavington
878,ccinnamondod@opensource.org,qTtHmvWywm,"[""ROLE_USER"",""ROLE_ADMIN"",""ROLE_AUTHOR""]",Cesare,Cinnamond
879,mwainwrightoe@ucoz.com,kEi59rvSG3QV,"[""ROLE_USER"",""ROLE_ADMIN"",""ROLE_AUTHOR""]",Mandi,Wainwright
880,apiperleyof@wiley.com,CSdGYhTN,"[""ROLE_USER"",""ROLE_ADMIN"",""ROLE_AUTHOR""]",Agna,Piperley
881,dreideog@goo.gl,hEqqxuV,"[""ROLE_USER"",""ROLE_AUTHOR""]",Davita,Reide
882,rkmieciakoh@t.co,pfkR5BU,"[""ROLE_USER"",""ROLE_ADMIN"",""ROLE_AUTHOR""]",Ruthann,Kmieciak
883,irhydderchoi@time.com,UvzQWDjZ4,"[""ROLE_USER"",""ROLE_AUTHOR""]",Isidore,Rhydderch
884,cfraynoj@bing.com,H9iB5u3Qzfv2,"[""ROLE_USER"",""ROLE_ADMIN"",""ROLE_AUTHOR""]",Connie,Frayn
885,cbroyok@dailymotion.com,IzwLm99SQAf,"[""ROLE_USER"",""ROLE_ADMIN"",""ROLE_AUTHOR""]",Candi,Broy
886,kvonsalzbergol@webmd.com,54h5CxG,"[""ROLE_USER"",""ROLE_AUTHOR""]",Kristen,Von Salzberg
887,csimonom@cam.ac.uk,Q7PNsRBmko7,"[""ROLE_USER"",""ROLE_ADMIN"",""ROLE_AUTHOR""]",Cathrine,Simon
888,omartelloon@blogtalkradio.com,WBNcOYaM,"[""ROLE_USER"",""ROLE_AUTHOR""]",Orson,Martello
889,oantukoo@example.com,2tbFMBmoR,"[""ROLE_USER"",""ROLE_AUTHOR""]",Olvan,Antuk
890,amannsop@g.co,cYZray,"[""ROLE_USER""]",Angeline,Manns
891,sbelvardoq@dot.gov,1ZU3vn,"[""ROLE_USER"",""ROLE_ADMIN""]",Sheri,Belvard
892,sdumbartonor@tinyurl.com,KV7w3Q8cWBx,"[""ROLE_USER"",""ROLE_AUTHOR""]",Shandeigh,Dumbarton
893,tgoulbourneos@addthis.com,x2hyP7qXAYI,"[""ROLE_USER"",""ROLE_ADMIN"",""ROLE_AUTHOR""]",Thurstan,Goulbourne
894,gwellingtonot@princeton.edu,hcGFCh5RWaLT,"[""ROLE_USER"",""ROLE_ADMIN"",""ROLE_AUTHOR""]",Goldarina,Wellington
895,mfrenchou@bandcamp.com,CTRTfqy4,"[""ROLE_USER"",""ROLE_ADMIN"",""ROLE_AUTHOR""]",Malorie,French
896,fleamingov@deviantart.com,WcAtRJM5J,"[""ROLE_USER"",""ROLE_ADMIN"",""ROLE_AUTHOR""]",Freddy,Leaming
897,hspinckeow@yellowbook.com,nmXMimGr,"[""ROLE_USER""]",Homerus,Spincke
898,tarmorox@icq.com,l3BIme,"[""ROLE_USER""]",Tilly,Armor
899,isummerilloy@weather.com,g5HV3IkV43,"[""ROLE_USER"",""ROLE_AUTHOR""]",Isidora,Summerill
900,educkerinoz@google.fr,if9UGLRe,"[""ROLE_USER"",""ROLE_ADMIN"",""ROLE_AUTHOR""]",El,Duckerin
901,tbarkhousep0@furl.net,EQ3mXTf,"[""ROLE_USER"",""ROLE_ADMIN""]",Timmy,Barkhouse
902,awaddilowp1@harvard.edu,Vusk2mY4u,"[""ROLE_USER""]",Anetta,Waddilow
903,bperssep2@123-reg.co.uk,wfqzj6,"[""ROLE_USER"",""ROLE_AUTHOR""]",Betti,Persse
904,ncuddep3@webmd.com,Ibk0CPmVThzo,"[""ROLE_USER"",""ROLE_ADMIN"",""ROLE_AUTHOR""]",Norine,Cudde
905,kweeklandp4@tripod.com,VOAggLUKt3JA,"[""ROLE_USER"",""ROLE_ADMIN"",""ROLE_AUTHOR""]",Kaye,Weekland
906,slidingtonp5@comcast.net,X6tYt1d8mvn,"[""ROLE_USER"",""ROLE_ADMIN"",""ROLE_AUTHOR""]",Sabrina,Lidington
907,aknealep6@icio.us,xrMBnis,"[""ROLE_USER""]",Albertine,Kneale
908,titzakp7@wsj.com,z1TwwHZrX6Dk,"[""ROLE_USER"",""ROLE_AUTHOR""]",Tasha,Itzak
909,rproshp8@opensource.org,mbhZvrec,"[""ROLE_USER"",""ROLE_AUTHOR""]",Rocky,Prosh
910,vdamerellp9@sfgate.com,TtKbiuuMY,"[""ROLE_USER"",""ROLE_AUTHOR""]",Vivyan,Damerell
911,groughtpa@google.nl,wxt5cBF,"[""ROLE_USER"",""ROLE_ADMIN"",""ROLE_AUTHOR""]",George,Rought
912,serrigopb@ovh.net,IU4vR4JQ,"[""ROLE_USER"",""ROLE_ADMIN"",""ROLE_AUTHOR""]",Sammy,Errigo
913,hbagniukpc@census.gov,lzWUbo7gZyn,"[""ROLE_USER""]",Horace,Bagniuk
914,ncoultardpd@nbcnews.com,aUuoMG,"[""ROLE_USER"",""ROLE_AUTHOR""]",Nelle,Coultard
915,gfawcittpe@tiny.cc,Lpr65g1Typ6v,"[""ROLE_USER""]",Giustino,Fawcitt
916,bgleypf@nifty.com,WDIZQHvZ6yO,"[""ROLE_USER"",""ROLE_ADMIN"",""ROLE_AUTHOR""]",Bernice,Gley
917,dbilbypg@google.nl,IiWlPFw,"[""ROLE_USER"",""ROLE_ADMIN"",""ROLE_AUTHOR""]",Demetris,Bilby
918,hrowlerph@huffingtonpost.com,TfSBPfc,"[""ROLE_USER"",""ROLE_ADMIN"",""ROLE_AUTHOR""]",Herschel,Rowler
919,acailpi@xing.com,QxYHhsBr8q,"[""ROLE_USER"",""ROLE_ADMIN"",""ROLE_AUTHOR""]",Ada,Cail
920,jteschepj@vinaora.com,hwNGJ3,"[""ROLE_USER"",""ROLE_AUTHOR""]",Jed,Tesche
921,pdiniscopk@furl.net,onST1hS,"[""ROLE_USER"",""ROLE_ADMIN""]",Pearle,Di Nisco
922,ldaneletpl@independent.co.uk,f5J1tNFlf,"[""ROLE_USER"",""ROLE_AUTHOR""]",Luisa,Danelet
923,alambalpm@home.pl,vM0yRwGXo,"[""ROLE_USER"",""ROLE_ADMIN""]",Anastasia,Lambal
924,sakriggpn@blog.com,9JLPAMybVG,"[""ROLE_USER"",""ROLE_ADMIN"",""ROLE_AUTHOR""]",Saxe,Akrigg
925,dvalentipo@privacy.gov.au,lvMck3Xfj,"[""ROLE_USER"",""ROLE_ADMIN"",""ROLE_AUTHOR""]",Dougy,Valenti
926,cpawelecpp@cdbaby.com,ynGj6sb8Ga,"[""ROLE_USER"",""ROLE_ADMIN"",""ROLE_AUTHOR""]",Caterina,Pawelec
927,cdomonepq@telegraph.co.uk,0ZOBGeLd,"[""ROLE_USER"",""ROLE_ADMIN"",""ROLE_AUTHOR""]",Cullie,Domone
928,jtrentpr@netscape.com,1ZRleq6djn6,"[""ROLE_USER"",""ROLE_ADMIN"",""ROLE_AUTHOR""]",Jeffie,Trent
929,sfearsps@infoseek.co.jp,Ftwm9uWIgC,"[""ROLE_USER"",""ROLE_AUTHOR""]",Salvidor,Fears
930,kgowerpt@de.vu,ENJ0Du5zU,"[""ROLE_USER"",""ROLE_ADMIN"",""ROLE_AUTHOR""]",Kerri,Gower
931,sglennonpu@phoca.cz,enu4rctm8HHQ,"[""ROLE_USER"",""ROLE_ADMIN"",""ROLE_AUTHOR""]",Sylvia,Glennon
932,dleborgnepv@comcast.net,hfPuP1VLbXO,"[""ROLE_USER""]",Denni,Le Borgne
933,hleadbetterpw@ycombinator.com,QujSQiTUBWH,"[""ROLE_USER"",""ROLE_ADMIN"",""ROLE_AUTHOR""]",Herculie,Leadbetter
934,ccurthoyspx@desdev.cn,CBmXUabSXXbk,"[""ROLE_USER""]",Cesaro,Curthoys
935,chatherellpy@telegraph.co.uk,KxYrky,"[""ROLE_USER"",""ROLE_ADMIN"",""ROLE_AUTHOR""]",Cortie,Hatherell
936,gmargaritellipz@google.fr,JkgCDE,"[""ROLE_USER"",""ROLE_AUTHOR""]",Glori,Margaritelli
937,hluxmooreq0@twitpic.com,OkObIFAxQPni,"[""ROLE_USER"",""ROLE_ADMIN"",""ROLE_AUTHOR""]",Hi,Luxmoore
938,wstutterq1@kickstarter.com,nlFq0X87uH9i,"[""ROLE_USER"",""ROLE_ADMIN"",""ROLE_AUTHOR""]",Winfield,Stutter
939,kbatterbeeq2@myspace.com,tNpM8Sit,"[""ROLE_USER"",""ROLE_ADMIN"",""ROLE_AUTHOR""]",Korella,Batterbee
940,mtreppasq3@google.co.uk,y8ud8RVnF8C6,"[""ROLE_USER"",""ROLE_ADMIN"",""ROLE_AUTHOR""]",Marina,Treppas
941,scamiliq4@artisteer.com,ApliSoHoi,"[""ROLE_USER"",""ROLE_AUTHOR""]",Steven,Camili
942,aniesegenq5@scientificamerican.com,yyVV095GKP,"[""ROLE_USER"",""ROLE_ADMIN"",""ROLE_AUTHOR""]",Austin,Niesegen
943,dmatyukonq6@google.de,RPrkusX2a9U6,"[""ROLE_USER"",""ROLE_ADMIN""]",Dina,Matyukon
944,fmcduffieq7@imdb.com,LDE7qB29hWuv,"[""ROLE_USER"",""ROLE_ADMIN"",""ROLE_AUTHOR""]",Frederico,McDuffie
945,dhaggisq8@desdev.cn,K8zkN7P,"[""ROLE_USER"",""ROLE_AUTHOR""]",Debora,Haggis
946,hsouthernq9@army.mil,twcQ7ZrT,"[""ROLE_USER"",""ROLE_AUTHOR""]",Hunfredo,Southern
947,gmoppettqa@sun.com,NTYqxca0DBz,"[""ROLE_USER""]",Gracie,Moppett
948,jkilcoyneqb@nih.gov,bFR74u0tbO8O,"[""ROLE_USER""]",Jerald,Kilcoyne
949,rstockmanqc@springer.com,K6ozUF672,"[""ROLE_USER"",""ROLE_AUTHOR""]",Rheba,Stockman
950,cstratiffqd@free.fr,m2A7VaZ,"[""ROLE_USER"",""ROLE_ADMIN"",""ROLE_AUTHOR""]",Cari,Stratiff
951,fbryentonqe@mail.ru,aypOI6O,"[""ROLE_USER"",""ROLE_ADMIN""]",Frasco,Bryenton
952,beadonqf@google.ru,lbDLvndG,"[""ROLE_USER"",""ROLE_ADMIN"",""ROLE_AUTHOR""]",Brittany,Eadon
953,ckalbererqg@hao123.com,4cHfXogs94,"[""ROLE_USER"",""ROLE_ADMIN"",""ROLE_AUTHOR""]",Chadd,Kalberer
954,sbiggadykeqh@goo.ne.jp,35zuRQ,"[""ROLE_USER"",""ROLE_AUTHOR""]",Sampson,Biggadyke
955,odirobertoqi@instagram.com,z1Werd,"[""ROLE_USER"",""ROLE_ADMIN"",""ROLE_AUTHOR""]",Olenka,Di Roberto
956,esigartqj@naver.com,47dk469,"[""ROLE_USER"",""ROLE_AUTHOR""]",Evelin,Sigart
957,pbockeqk@youtu.be,ceEIMUVO5,"[""ROLE_USER"",""ROLE_ADMIN"",""ROLE_AUTHOR""]",Paxon,Bocke
958,jnevettql@toplist.cz,fWYAI7QOS0,"[""ROLE_USER"",""ROLE_ADMIN"",""ROLE_AUTHOR""]",Jorrie,Nevett
959,enorledgeqm@geocities.com,WWv3YnI2VvT2,"[""ROLE_USER"",""ROLE_AUTHOR""]",Efrem,Norledge
960,imctrustyqn@guardian.co.uk,ZfjOEhL,"[""ROLE_USER"",""ROLE_AUTHOR""]",Irv,McTrusty
961,ebericqo@t-online.de,sNvBBj,"[""ROLE_USER"",""ROLE_ADMIN"",""ROLE_AUTHOR""]",Erinna,Beric
962,abaddowqp@tripod.com,K8XXN78,"[""ROLE_USER"",""ROLE_AUTHOR""]",Anabel,Baddow
963,drajchertqq@wiley.com,47TPBYk4UYr,"[""ROLE_USER"",""ROLE_ADMIN"",""ROLE_AUTHOR""]",Danny,Rajchert
964,abirtqr@shop-pro.jp,Ohdca5u,"[""ROLE_USER"",""ROLE_ADMIN""]",Adams,Birt
965,btoffettoqs@indiatimes.com,VgYp7z73da,"[""ROLE_USER"",""ROLE_ADMIN"",""ROLE_AUTHOR""]",Barb,Toffetto
966,tnethercottqt@exblog.jp,fGCW9L8m,"[""ROLE_USER"",""ROLE_ADMIN"",""ROLE_AUTHOR""]",Thelma,Nethercott
967,aelvinsqu@people.com.cn,hEVMbxCkKDJ,"[""ROLE_USER"",""ROLE_AUTHOR""]",Alfonse,Elvins
968,rpaddockqv@timesonline.co.uk,r0nFI7qWmW,"[""ROLE_USER"",""ROLE_ADMIN""]",Reiko,Paddock
969,cdaughtryqw@archive.org,m6spypnYk,"[""ROLE_USER"",""ROLE_ADMIN"",""ROLE_AUTHOR""]",Clem,Daughtry
970,cestcotqx@123-reg.co.uk,42MGy612vC,"[""ROLE_USER"",""ROLE_AUTHOR""]",Conny,Estcot
971,obarckeqy@hexun.com,SdwsaYxr,"[""ROLE_USER"",""ROLE_ADMIN"",""ROLE_AUTHOR""]",Orazio,Barcke
972,schedzoyqz@slashdot.org,HRXShD,"[""ROLE_USER"",""ROLE_AUTHOR""]",Saxe,Chedzoy
973,rdrewetr0@sun.com,GJpeDbcmVTJt,"[""ROLE_USER"",""ROLE_ADMIN"",""ROLE_AUTHOR""]",Rhona,Drewet
974,cbooelnr1@cbslocal.com,idopVt,"[""ROLE_USER"",""ROLE_ADMIN"",""ROLE_AUTHOR""]",Clo,Booeln
975,schitterr2@odnoklassniki.ru,jWgxVZ7DZPg,"[""ROLE_USER"",""ROLE_ADMIN"",""ROLE_AUTHOR""]",Stormi,Chitter
976,ckinghr3@goo.ne.jp,GI0mNyaDSm,"[""ROLE_USER"",""ROLE_ADMIN"",""ROLE_AUTHOR""]",Clark,Kingh
977,rolwenr4@printfriendly.com,jZuOS4,"[""ROLE_USER"",""ROLE_ADMIN"",""ROLE_AUTHOR""]",Rahel,Olwen
978,caltyr5@nifty.com,x5y6i7,"[""ROLE_USER"",""ROLE_AUTHOR""]",Corby,Alty
979,fvarndallr6@cdbaby.com,ufswB9,"[""ROLE_USER"",""ROLE_AUTHOR""]",Fidelity,Varndall
980,btaggertr7@auda.org.au,d4LBHQ,"[""ROLE_USER""]",Barnard,Taggert
981,dleonardsr8@wsj.com,jjdqDU,"[""ROLE_USER"",""ROLE_AUTHOR""]",Der,Leonards
982,cmenichinir9@quantcast.com,3xpOa0TYBH,"[""ROLE_USER"",""ROLE_ADMIN""]",Creight,Menichini
983,jwinckworthra@usatoday.com,dT2GyteRq7BA,"[""ROLE_USER"",""ROLE_ADMIN"",""ROLE_AUTHOR""]",Jeralee,Winckworth
984,bpingstonrb@lycos.com,wkI46Uy,"[""ROLE_USER"",""ROLE_AUTHOR""]",Bertram,Pingston
985,bbrocksrc@wikia.com,d4kex6d,"[""ROLE_USER"",""ROLE_ADMIN"",""ROLE_AUTHOR""]",Boonie,Brocks
986,pswannerd@state.tx.us,rPCi8gulI,"[""ROLE_USER"",""ROLE_ADMIN""]",Paige,Swanne
987,nkobierzyckire@google.fr,KdEu2oikZkep,"[""ROLE_USER"",""ROLE_AUTHOR""]",Nisse,Kobierzycki
988,bensleyrf@csmonitor.com,rjodGgqCf,"[""ROLE_USER"",""ROLE_AUTHOR""]",Bing,Ensley
989,dhalifaxrg@constantcontact.com,fIy4WnhGlj,"[""ROLE_USER"",""ROLE_ADMIN"",""ROLE_AUTHOR""]",Damian,Halifax
990,jfoalerh@list-manage.com,UUABhhrdZ,"[""ROLE_USER"",""ROLE_ADMIN"",""ROLE_AUTHOR""]",Jose,Foale
991,ckersleyri@ovh.net,c5AuqOFy,"[""ROLE_USER"",""ROLE_ADMIN""]",Cecile,Kersley
992,msteedmanrj@w3.org,Isj2Vwg,"[""ROLE_USER"",""ROLE_ADMIN"",""ROLE_AUTHOR""]",My,Steedman
993,jstiverk@stanford.edu,9EsT2z6douvZ,"[""ROLE_USER"",""ROLE_ADMIN"",""ROLE_AUTHOR""]",Jehu,Stive
994,skupkerl@google.com.au,VEuMkgH6SXKe,"[""ROLE_USER"",""ROLE_ADMIN"",""ROLE_AUTHOR""]",Sharron,Kupke
995,gcloptonrm@princeton.edu,3WteA6kXAP,"[""ROLE_USER"",""ROLE_AUTHOR""]",Gibb,Clopton
996,cjeroschrn@yahoo.co.jp,JYv6cq9,"[""ROLE_USER"",""ROLE_ADMIN"",""ROLE_AUTHOR""]",Corine,Jerosch
997,jgroundwaterro@eventbrite.com,k0rICtqIdhd,"[""ROLE_USER"",""ROLE_AUTHOR""]",Jillayne,Groundwater
998,smckagrp@gnu.org,nibIlR4,"[""ROLE_USER""]",Swen,McKag
999,averdonrq@vistaprint.com,OAMVzTWlt,"[""ROLE_USER"",""ROLE_ADMIN""]",Ara,Verdon
1000,aduckerrr@prweb.com,3Nb7uyT,"[""ROLE_USER"",""ROLE_ADMIN"",""ROLE_AUTHOR""]",Ainslie,Ducker
